wallet_id,n_tx,active_days,span_days,days_since_last_tx,deposit_usd,borrow_usd,repay_usd,redeem_usd,borrow_to_deposit,repay_to_borrow,n_borrows,n_assets,stable_borrow_share,prior_liquidations,risk_score,risk_band,was_liquidated
0x0000000002032370b971dabd36d72f3e5a7bf1ee,399,104,132.8659,0.9856,925490.697,130355.7548,70150.2638,824037.5778,0.1409,0.5381,15,6,0.5374,0,35,low,0
0x000000000a38444e0a6e37d3b630d7e855a7cb13,25,15,39.2802,42.89,18390.6657,11631.4312,11640.2802,9355.6209,0.6325,1.0008,8,5,1.0,0,102,low,0
0x000000003ce0cf2c037493b1dc087204bd7f713e,492,108,123.5015,0.6269,672499.5759,134838.424,2758.6863,507275.6393,0.2005,0.0205,30,7,0.0204,0,97,low,0
0x0000000506063a51c6ce59906d8c40f7d7fe92a7,69,3,30.6562,94.4674,799991.6942,597501.9618,597568.6798,801072.937,0.7469,1.0001,24,1,1.0,0,7,low,0
0x00000029ff545c86524ade7caf132527707948c4,47,2,2.1045,139.5456,4876314.1687,3381166.2601,3351013.643,4840690.0621,0.6934,0.9911,12,4,0.6438,0,2,low,0
0x00000087c4cebffb95746d1935de7fbcab092f40,250,19,100.5073,0.043,2131006.5284,1265148.9405,1236773.7496,2083651.8258,0.5937,0.9776,62,8,1.0,0,261,low,0
0x000000e28faa823d5b53ff6c2922c28335840375,297,61,137.206,0.3947,3709065.7996,2977862.7996,2270684.9733,3288489.3186,0.8029,0.7625,66,7,0.7362,0,113,low,0
0x000006eee6e39015cb523aebdd4d0b1855aba682,28,12,41.2944,99.8068,77871.4633,24758.9663,23151.2748,149679.442,0.3179,0.9351,4,7,1.0,3,264,low,1
0x00002b503a75998c97508916a74fdb41934fa030,147,35,125.3215,0.14,3163241.2562,2401891.8175,1924330.2671,2422011.4629,0.7593,0.8012,47,7,0.9211,0,164,low,0
0x0000ce08fa224696a819877070bf378e8b131acf,14,8,75.7799,44.001,1943.2215,1257.9327,0.0,10003.4273,0.6473,0.0,1,4,0.0,0,42,low,0
0x00010a708585ba4812a1c5976182626c75cb7a6b,29,11,79.5159,4.9385,1266.1638,1136.6818,435.621,247.4492,0.8977,0.3832,6,6,1.0,0,377,medium,0
0x0003816b25fd3d6c112eb65c089760fa3f791947,4,1,0.0017,101.3853,7122.6991,2946.593,2946.9505,7118.4723,0.4137,1.0001,1,2,0.0,0,7,low,0
0x0003bbb966655dc0fbbb380797b07fc547e9ddc5,37,20,100.8436,9.0295,2273.7195,917.4028,0.0,11309.9672,0.4035,0.0,5,6,1.0,0,276,low,0
0x0003f46779806fe779e7f30eec95dbdb4d45840b,24,6,82.8464,0.2964,2186.0461,2095.927,1474.2672,1399.922,0.9588,0.7034,6,2,1.0,0,165,low,0
0x0004849537dab5c33fc8c494d05313dfbe2d99f3,10,6,82.0282,1.0226,994.0621,505.6751,543.4854,1335.6429,0.5087,1.0748,3,2,1.0,0,132,low,0
0x0004a89403e17f544bfbd25ecb1a7d9215a1d61b,2,1,0.0024,2.4112,2741.7594,518.3127,0.0,0.0,0.189,0.0,1,2,1.0,0,676,high,0
0x0004d4112ee696dabc22b221bef156ecdaeb1a59,6,1,0.0044,103.1634,35.3957,22.6533,22.6533,35.3957,0.64,1.0,1,1,0.0,0,9,low,0
0x0005696d4be2359526c497fe4a4c0620b41f2426,7,2,0.643,84.469,735.6873,593.7611,592.953,1339.3883,0.8071,0.9986,1,4,1.0,0,28,low,0
0x000a27ba176083e4b50177378cbe7469a00dd557,12,4,33.1861,58.9239,277.885,160.3863,160.2258,276.8744,0.5772,0.999,2,2,1.0,0,37,low,0
0x000a3d1bef684a7c029267a26068de56b1c1b4dc,43,10,25.9134,66.3761,25174.4568,13419.0501,13381.4944,46364.7388,0.533,0.9972,8,5,0.9945,0,41,low,0
0x000ab43e658935ba39504a1424b01756c1e9644c,2,1,0.0005,23.6364,0.1137,0.0114,0.0,0.0,0.1,0.0,1,1,0.0,0,343,medium,0
0x000c8e2871750f458bf1de8ab528dda09bc95db6,4,1,0.0007,131.916,5480.5886,2366.7672,2366.7672,5480.5886,0.4318,1.0,1,2,1.0,0,4,low,0
0x000cdb5d7a2cda2947603f2993f05db57e3197dc,71,32,66.144,3.2477,961.8288,963.8765,933.0978,920.0072,1.0021,0.9681,20,4,1.0,0,300,low,0
0x000cef8f0ab0a2fadbecaeb92e8781ab3e04b01e,6,3,30.6643,51.0147,282.1056,40.1027,40.3143,0.0,0.1422,1.0053,1,2,1.0,0,84,low,0
0x000deb0c92e6d3da7f77ed01b8473b3f7f4efc39,8,4,80.571,12.9195,760.4062,886.7245,503.6502,502.2313,1.1661,0.568,3,3,1.0,0,184,low,0
0x000e840a3122ec28d0c29321db172375cb049762,10,5,26.2961,85.0627,967.8324,216.8257,217.3914,267.2482,0.224,1.0026,2,2,1.0,0,19,low,0
0x000e9bd1d42999446d60ff60f1fb3afb13604202,22,3,1.9735,5.2359,82.4511,34.631,35.378,57.0628,0.42,1.0216,6,3,1.0,0,467,medium,0
0x000f4432a40560bbff1b581a8b7aded8dab80026,25,6,18.1443,110.7862,31488.764,17603.9791,17566.3772,46609.5774,0.5591,0.9979,6,4,1.0,0,9,low,0
0x000f7f22bfc28d940d4b68e13213ab17cf107790,73,3,2.827,129.1012,57565565.5092,47039763.5477,46907451.0275,57340991.9241,0.8172,0.9972,19,5,1.0,0,3,low,0
0x000f908720f9ce164d90f4fc89459fab4442907f,96,2,1.3537,81.166,1663.4252,1355.0137,1351.0569,1659.9411,0.8146,0.9971,30,2,1.0,0,55,low,0
0x000fbfec300959d0f2f327728a889c1f5de8e2df,8,4,8.0355,52.0632,607.3428,140.0106,139.7,350.1455,0.2305,0.9978,1,2,1.0,0,55,low,0
0x0011730224657eb527cf736039854c3a3f140e63,4,1,0.0016,136.065,1507.3242,738.0254,738.0254,1520.6787,0.4896,1.0,1,2,1.0,0,4,low,0
0x00120ea6fdbaf057eadc1bd149f957488444e92c,4,1,0.0546,59.0182,261.1259,2.603,2.6164,0.0,0.01,1.0052,1,2,1.0,0,190,low,0
0x00129c4ce6be31b273de64c65ff3fcdd4706a002,231,31,62.0029,47.85,24971.8628,14463.7475,4303.8092,6219.0441,0.5792,0.2976,24,7,0.9929,2,586,medium,1
0x0014dfac19477a83d7354e6eaac28642c1959398,36,12,30.1926,73.7708,86721.5163,18149.0016,18188.8248,82835.8751,0.2093,1.0022,6,3,1.0,0,17,low,0
0x001589fe1923c2118f34e4277f2ef650fcbf0161,30,18,132.7749,2.1972,18831.7605,1419.9469,0.0,17284.5382,0.0754,0.0,2,5,0.3839,0,123,low,0
0x00159370cbe576b765a7fb2e78582e0cb563d445,19,9,20.8288,3.5361,3052.5904,2945.9318,0.0,1090.7217,0.9651,0.0,7,5,0.2027,0,603,medium,0
0x0016469a65facda9e86fd0ae0e9661128843c224,2,1,0.0,115.622,0.0207,0.0047,0.0,0.0,0.2262,0.0,1,1,0.0,0,24,low,0
0x00183135585d70a523d61b2e43037a7138b36906,54,21,57.1419,6.5562,5069.1868,3849.7901,1709.0734,3843.2891,0.7594,0.4439,13,6,0.0,0,314,low,0
0x00184e8aa1e95f491f2d9601e12b540092160ded,4,1,0.0008,141.362,102.3057,24.9848,24.9848,102.3057,0.2442,1.0,1,2,0.0,0,4,low,0
0x0018d044b946ede86b43bb3b964a45772a5abeb9,22,8,53.2935,23.1939,33498.0245,1.1216,1.1213,39219.267,0.0,0.9998,2,3,1.0,0,334,medium,0
0x0019971fb18fbfc9108d90eb2cdd4d5a0a897eee,5,2,14.2136,61.8049,0.0,79.0041,158.7233,203.8796,100.0,2.0091,1,3,1.0,0,103,low,0
0x001b024b98ee862aa01eea595c4c16a0213d2611,2,1,0.0014,143.3801,901.2925,498.7406,0.0,0.0,0.5534,0.0,1,2,1.0,0,17,low,0
0x001bc3cfc3eed892dd6de07807333f2b05c5b4e9,32,6,23.0795,68.2587,407.7927,234.8782,235.2622,332.4155,0.576,1.0016,6,3,1.0,0,48,low,0
0x001bc97d92e1a30b02d4e75be25f06063555d556,45,5,9.5342,75.5403,114723.4223,54445.8374,54503.6313,100024.6927,0.4746,1.0011,10,4,1.0,0,30,low,0
0x00246f7813397868b1beec56e1677efa47816dae,44,16,21.0268,73.3976,7438978.7319,5816299.4435,5472177.7176,7001681.4246,0.7819,0.9408,9,1,0.0,0,4,low,0
0x00261d225db379b3fc74cd0228d6f90582d39035,2,1,0.0,114.2811,0.0322,0.0047,0.0,0.0,0.1462,0.0,1,1,0.0,0,25,low,0
0x00262ffcfda82b5582d1905ca05b849f196b0419,10,2,3.7604,79.2686,101.4197,57.2429,56.9534,101.0359,0.5644,0.9949,3,2,1.0,0,45,low,0
0x002775390698ef16589bb22bba37ae7906ae2f36,30,9,20.2642,66.1388,93.4612,83.6899,18.5533,11.6597,0.8955,0.2217,7,5,0.9697,0,204,low,0
0x0027f7335d610f15b325baa5798414548720fcaa,13,3,1.3521,2.5177,5708.198,1568.6764,1571.6111,4252.4862,0.2748,1.0019,2,2,1.0,0,204,low,0
0x002aea16059a7d4bef638a03b61a9e80ef07e745,41,11,82.66,40.3782,10411.5323,6814.979,5838.2285,21618.0628,0.6546,0.8567,10,6,0.0,0,60,low,0
0x002cd2707daccbd5f3f192a565fca0a2cea021a6,5,2,18.0246,128.3916,5.4816,2.7225,2.7225,5.1268,0.4967,1.0,1,2,1.0,0,8,low,0
0x002d2715b179d0db3e17cc28317a98f2f65e6884,253,60,101.8861,44.2202,217160.8549,94093.844,75721.2588,178632.4884,0.4333,0.8047,64,8,0.7445,0,90,low,0
0x002dcc4d0ad0bdce1c444ad0bb4d51ac7e61d62b,29,16,128.7455,10.0001,8042.9199,4507.4621,1386.1038,1506.8695,0.5604,0.3075,5,4,1.0,0,107,low,0
0x002de04d579930686698abab5f48bda0b24fb9fc,85,14,80.3359,2.1297,82757.8334,43067.6465,43774.101,71685.7843,0.5204,1.0164,13,7,1.0,0,209,low,0
0x002e5e69ae7c8999834ee24aeb5c26ad05433820,4,1,0.0015,136.3949,8185.807,2495.5333,2495.5333,8185.807,0.3049,1.0,1,2,1.0,0,3,low,0
0x002f93d5a1ca66a2a64b490bd0a0291c1a1c02b6,108,34,105.196,4.1076,7503.9321,3061.4027,2528.0282,2336.6981,0.408,0.8258,26,6,0.9527,0,270,low,0
0x00301da1d3b20fd6b8451a791a8b1a5e20599fb8,58,25,40.6747,0.1556,21416.4757,11215.5012,0.0,0.0,0.5237,0.0,23,6,1.0,0,827,high,0
0x0030d58fd7c5af92c6e9bbf4d06255b6a9d1490a,67,31,73.1431,3.3452,94769.2962,125571.6028,125437.0297,94266.2536,1.325,0.9989,11,6,0.9982,0,156,low,0
0x0030ee334630838ea4dee0b4b6ecbc973529031f,16,7,74.0414,10.0945,3999.4173,4580.268,1816.9148,0.0,1.1452,0.3967,7,3,0.8329,0,334,medium,0
0x00329e92ed6fd0a0ef76da9c476d51faeb6b26a0,523,98,103.7855,21.7602,7155137.9031,8740107.4478,4062271.7066,4469646.8451,1.2215,0.4648,154,7,0.4638,0,111,low,0
0x0034baeeb160a5f1032b6d124d3e87cc94d74e62,162,12,24.5347,98.6844,60563024.6164,35059576.6526,35021753.3812,60580513.6374,0.5789,0.9989,45,2,1.0,0,5,low,0
0x0035e2e614e53a5ebf5a518dede926a7fcec4f91,26,8,20.9066,76.0804,4286.2861,1471.6539,914.9664,1725.3034,0.3433,0.6217,8,3,0.6202,0,45,low,0
0x0036534c48a754163f0f446601f36bcfda840f57,27,5,12.8795,105.7364,2736.4465,1412.3662,1402.7014,2214.1521,0.5161,0.9932,8,5,0.992,0,26,low,0
0x00368bb9dba2ee83f3553feae59710b9c3743e09,11,6,37.8474,51.0656,2864.7903,788.5672,0.0,200.8253,0.2753,0.0,1,4,0.0,0,80,low,0
0x0036a3f98bc84afb07fe42421f5a14cfe3c33219,43,9,56.2242,34.7469,3253.0801,4817.1434,3812.0743,3013.5018,1.4808,0.7914,14,5,0.7897,0,167,low,0
0x0036bc671c03460dec7d0ab24f45df0cf33d042b,12,3,70.0841,15.1984,1906.1349,929.0745,969.6966,1975.197,0.4874,1.0437,2,3,1.0,0,87,low,0
0x0037daf6fb154db55110ced85cb4ba9e1204ca17,28,9,67.517,21.6426,170.1728,127.9798,0.0,83.0519,0.7521,0.0,13,6,0.4197,1,785,high,1
0x00389de87cae34a6f89e13cc8225c4984add8b37,610,52,58.277,58.5818,6893113.8065,3114347.9785,1426082.1549,5103279.3763,0.4518,0.4579,100,8,0.4575,0,67,low,0
0x0039e71541bdc798d062346bce94230bf519bb72,2,1,0.0,115.4953,0.0308,0.0047,0.0,0.0,0.1538,0.0,1,1,0.0,0,24,low,0
0x003a85c562730b196f7cba202a2515f2ff855736,177,66,102.3396,2.6399,1763040.5355,329225.8389,327371.1803,863595.6472,0.1867,0.9944,22,7,1.0,0,108,low,0
0x003a969ef82e876824b4131a1bbafbdb46a2ca90,13,3,2.3328,84.1717,2427.9434,885.9067,886.0213,0.0,0.3649,1.0001,5,3,1.0,0,65,low,0
0x003ae6c26a2655eb54c1e53b03a266d97f3512e6,43,27,79.354,0.2044,738.4042,112.4184,0.0,100.2106,0.1522,0.0,3,4,0.0,0,232,low,0
0x003be39433bde975b12411fbc3025d49d813a84f,4,4,32.3812,44.0741,0.0,0.7321,0.0,0.0,100.0,0.0,1,2,1.0,3,988,high,1
0x003e41b4f19f27ab2a07c19abe2d99ecb492ce62,6,2,1.8161,75.808,0.0,1714.9573,3414.4269,6916.8579,100.0,1.991,1,2,1.0,0,19,low,0
0x003e9a119439ef34de3237034cee95675b01d5d4,31,16,92.031,1.3848,35085.0839,17372.6769,14109.5074,45324.1077,0.4952,0.8122,9,3,1.0,0,126,low,0
0x003edfecb016131dbd485c72f3b6f2e98a1429d9,144,9,41.2758,91.3948,2194.3097,1413.6315,1073.6615,1438.4088,0.6442,0.7595,50,4,0.7576,0,50,low,0
0x00402e826833fbeb6f67072f3df3c8554a0b10e6,39,9,31.904,59.5084,344500.904,17043.9698,16966.997,738770.4194,0.0495,0.9955,3,5,1.0,0,27,low,0
0x00405f7b768a9a6b81e8060a17f0550501acf6be,144,48,56.7735,14.9098,30301.6827,16879.7199,0.0,10276.9814,0.5571,0.0,40,2,0.0,0,227,low,0
0x0041dac13d9365b4d695fb612950dc71884f8db1,154,33,51.2858,0.2853,6645.4489,3351.5675,2833.2878,2940.2445,0.5043,0.8454,34,7,0.3741,0,458,medium,0
0x004403abb2246c48ac770e30e7b36e3b16e152a1,12,7,23.5268,77.0552,2171.8297,2225.9268,2225.9034,1799.2208,1.0249,1.0,5,3,1.0,0,37,low,0
0x0044803a27c6c45babd3fb7affb80b3f913579d7,67,18,88.9865,16.1501,2185.2448,1011.2616,1013.8328,4553.7609,0.4628,1.0025,13,7,1.0,0,219,low,0
0x0044f0ab1281b2bc850bfa39123dec1e8e09001d,49,22,86.4492,0.5487,78691.7134,52351.9882,16990.5275,10891.9161,0.6653,0.3245,23,6,0.6987,0,406,medium,0
0x00452d3fd0e6bd68943b30af56a8df4eb7685387,6,3,34.0874,53.4897,447.4119,224.8873,223.2318,5169.8533,0.5026,0.9926,1,3,1.0,0,42,low,0
0x0048e6fd005224e7e9f00058c630307f0710a84b,140,33,82.3771,0.5917,43948.6084,42353.4914,29240.1101,24031.5406,0.9637,0.6904,36,7,1.0,0,384,medium,0
0x0049436d8c3da52d604cdc390e45026b2662d7f7,12,6,47.832,22.262,44603.6516,29689.4464,24007.0458,0.0,0.6656,0.8086,5,5,0.6132,0,265,low,0
0x00495585ecf70ad7dd71797c2a22951ed92b9a24,30,12,41.02,75.3466,586.12,60.4029,57.4697,299.3746,0.1031,0.9514,2,6,0.4981,0,33,low,0
0x0049d23daaafeaac69e336ffe9dcb9ca14dac781,91,7,15.1659,126.7647,34477.4015,25074.2202,25187.645,34558.2874,0.7273,1.0045,20,4,0.9997,0,7,low,0
0x004afb002e3fb33c833fc16b6b63103bbf97312d,13,6,29.9517,90.5792,25751.1547,10718.9376,2768.6052,3540.4922,0.4163,0.2583,3,4,0.8882,1,75,low,1
0x004bac9f45af6848ffbdf0dec8f47023ccd7a138,4,2,16.5528,23.2258,0.4691,0.2955,0.0,0.0,0.6298,0.0,2,3,0.797,0,562,medium,0
0x004ce54398cc569a622bf5a99ae857306243c8ec,88,35,67.9827,3.9603,547372.904,499506.9504,501863.3722,550021.6616,0.9126,1.0047,14,1,1.0,0,45,low,0
0x004d71c111862702272e6beccdaafb07c9b96c37,276,42,84.5299,14.4359,2941593.3219,3146170.9094,3163065.3855,3041444.1839,1.0695,1.0054,63,7,0.5019,1,289,low,1
0x00515e4f8a5c52a526f48c3ea07238143e2c04fc,68,29,84.9433,1.6646,2309.4392,1242.614,1227.0409,0.0,0.5381,0.9875,21,7,0.6606,0,506,medium,0
0x0051e6e6cde6392c01b4cf6b97d9f5c50ec9817c,42,18,54.7433,19.2623,2587.2825,2543.0332,3306.1901,6940.2013,0.9829,1.3001,6,6,1.0,0,133,low,0
0x0051ed91501bdefede70975ec9459a0dd3c5657b,3,1,0.0114,25.2523,46.3328,10.0986,0.0,0.0,0.218,0.0,2,2,1.0,0,587,medium,0
0x00526e91ec022d8596bda04092071c1da6b5322e,7,3,3.7935,25.5412,312.1798,49.9289,47.0531,1.0493,0.1599,0.9424,2,2,1.0,0,280,low,0
0x0052c9f2cc95f743412d6daaf3c93bcd1793479d,9,1,0.0014,80.9433,32.3124,14.1951,4.4418,12.498,0.4393,0.3129,2,3,0.142,0,69,low,0
0x0053b5daa6d4c2e3d16f2b9c10dc04e92b14a818,57,21,112.9519,32.4607,105670.1665,53363.7836,44049.2429,136490.4324,0.505,0.8255,15,7,0.5902,0,71,low,0
0x00548bf85d26850ad7ad55ca90ba02572349f648,2,1,0.0002,23.5667,0.1119,0.0112,0.0,0.0,0.1,0.0,1,1,0.0,0,343,medium,0
0x00561a0d394a2cad87c811615f72b61cb0ed3faa,6,3,10.7868,78.4233,6362.9561,1246.0898,1259.2291,1255.4029,0.1958,1.0105,1,2,1.0,0,20,low,0
0x005661a7a441451fafdccd579905a7dbc79fd538,61,7,12.3539,43.926,15.1317,18.5648,11.9305,11.8132,1.2269,0.6426,19,6,0.4096,0,447,medium,0
0x0056d1fd2ca3c0f3a7b6ed6cdd1f1f104b4bf9a9,17,7,113.2269,16.8732,40746.7764,11937.5679,4839.3199,117067.3887,0.293,0.4054,2,5,1.0,0,65,low,0
0x005711ac01b67981d6b627c09470cce29dbd3353,4,1,0.0019,103.0832,6669.5464,2835.204,2835.204,6669.5464,0.4251,1.0,1,2,0.0,0,6,low,0
0x0057bd83a142da84b6404616c683e21e7dd6fa5f,45,25,71.3513,9.9486,19354.7672,4747.5468,405.163,10243.512,0.2453,0.0853,3,4,0.9014,0,126,low,0
0x0057dbd2cb881113aa7b55e4ce62af8234519e01,14,6,9.081,74.5319,1777.3216,725.6542,726.6509,2186.7019,0.4083,1.0014,4,2,1.0,0,33,low,0
0x005a945c426fe1f2eb3c4b04585a2427f7a032a8,15,9,75.5135,23.8639,9251.5311,728.3322,0.0,3598.6781,0.0787,0.0,3,4,0.0,0,169,low,0
0x005ab5979532d34dc60a4582597464df0b5a7c87,32,7,9.9641,90.7744,2295.943,1337.6938,1340.2314,561.2442,0.5826,1.0019,11,3,1.0,0,35,low,0
0x005ae07a1782019253917d76334a0579ac3a9b64,30,10,54.9596,32.0212,53463.403,7011.8843,7031.8936,57213.3263,0.1312,1.0029,4,7,1.0,0,111,low,0
0x005b0743d8b2ed646499dc48b64b95e71b8afa43,7,3,16.1907,72.778,1333.7767,52.7945,53.2567,1005.7057,0.0396,1.0088,1,3,1.0,0,45,low,0
0x005b35993837ffbc6ebfa08d2e4ac40fdb0a63d1,2,1,0.0002,20.0269,0.1463,0.0146,0.0,0.0,0.1,0.0,1,1,0.0,0,372,medium,0
0x005b8864b832d250e97996febb2b6a10b4562fd1,13,1,0.0336,69.0577,1099.3385,824.6041,819.1947,1098.4337,0.7501,0.9934,3,1,1.0,0,32,low,0
0x005bf9036a459545ec86252db2a37667a5823b94,4,1,0.0012,133.0718,8347.2194,2096.6285,2096.6285,8347.2194,0.2512,1.0,1,2,1.0,0,4,low,0
0x005c7aa4001747cd4bf25c777318a13191a182ac,245,65,94.8216,1.7736,11446.9675,2785.3933,2673.7071,22484.421,0.2433,0.9599,25,8,0.9528,0,243,low,0
0x005ce3720edd52ef800ed68bfe29114a7d86e623,16,2,0.4151,84.5827,234.8074,154.8625,154.1228,233.8731,0.6595,0.9952,3,1,1.0,0,22,low,0
0x005d9ffbbd210f6b04d7f0880f5c49130d38ff0d,48,11,31.1217,77.0634,15865.6799,12221.9343,10795.7346,14060.7435,0.7703,0.8833,11,5,0.7122,0,35,low,0
0x005e5cac6eb7637edf689403e01b86bda451ef61,31,17,42.081,98.1124,28161.5564,42079.9718,41826.0141,13132.4631,1.4942,0.994,15,4,1.0,0,18,low,0
0x005f16f017aa933bb41965b52848ceb8ee48b171,767,71,153.7924,1.1941,33940.9088,30781.225,12681.8314,13523.8583,0.9069,0.412,183,8,0.4592,0,322,low,0
0x005f4ed154aec7b147190c97d3f2535fc8360b12,20,5,10.5974,75.3178,2407.9975,1195.2181,1052.6355,2114.5417,0.4964,0.8807,5,5,0.879,0,61,low,0
0x005fe34dfd8c3b7994d608a374cedcc44b73e0bd,2,1,0.006,1.2969,0.0159,0.0023,0.0,0.0,0.142,0.0,1,2,1.0,0,676,high,0
0x00626b79d2972dfd10463e1871f8edcf8aae5bb3,6,3,5.7547,63.2541,9.1011,3.9275,3.9206,95.7368,0.4315,0.9982,1,3,1.0,0,76,low,0
0x0062cb1c249a8579e155794dc86960e4f88af402,12,6,25.4994,57.3427,2053.0225,200.0831,199.6678,0.1592,0.0975,0.9979,2,4,1.0,0,106,low,0
0x0063d9477fd76b7c9732917b3b884d918607a804,8,2,2.0768,77.2833,259.8704,146.1356,0.0,0.0,0.5623,0.0,3,4,0.652,0,195,low,0
0x00645dd21310882cc32399abcb54e0a05b3b5d1d,28,15,108.7305,0.3502,22242.3134,5019.8947,77.5237,193708.4718,0.2257,0.0154,1,3,1.0,0,64,low,0
0x0064f7e15fdf96a5225d4cc07b38eef45c8bdc46,49,8,11.9335,2.1598,889.9105,833.3739,524.7799,116.7947,0.9365,0.6297,26,5,1.0,0,740,high,0
0x006501f106d155981aac18b4d31a6e14d1e55fae,4,1,0.0046,89.6197,0.0035,0.0008,0.0,0.0,0.2387,0.0,1,1,0.0,0,45,low,0
0x006551b8f041761e2e47bb4792b21e67786b3452,2,1,0.0008,26.5999,0.5609,0.2804,0.0,0.0,0.5,0.0,1,1,0.0,0,362,medium,0
0x00668293095ef3ba3a62d566e2ac83fb81aec94f,28,19,85.7779,1.8614,3579.7877,2753.6473,2.5564,2.5564,0.7692,0.0009,5,3,0.9988,0,344,medium,0
0x00677d8b6fda25b199539633a8cd07074c855cb7,34,6,20.019,71.5699,1007.5011,534.6575,534.6062,1008.2256,0.5307,0.9999,10,1,1.0,0,35,low,0
0x00694ba9219891081e07b31ebaf19abfd97e1acb,14,6,31.9239,5.2951,8954.8155,6937.9766,0.0,9.9577,0.7748,0.0,3,2,1.0,0,415,medium,0
0x006acbf79f7c4580fa01ffa48085d832592f1b63,18,6,61.5632,26.3999,52813.4379,31991.1321,32219.9877,75854.1606,0.6057,1.0072,3,3,1.0,0,42,low,0
0x006d0cf97d1aef07271dcce6d0bd60e8d98966ec,2,1,0.0,113.5082,0.0476,0.0057,0.0,0.0,0.1202,0.0,1,1,0.0,0,25,low,0
0x006d0f31a00e1f9c017ab039e9d0ba699433a28c,24,12,122.887,9.1044,242665.62,124015.5587,0.0,106392.8537,0.5111,0.0,6,6,0.5496,0,188,low,0
0x006d1df30df75bfa607f41b3a4d67d4be51fe910,13,3,13.7868,84.1157,1793.0888,537.1428,535.8,1637.1465,0.2996,0.9975,3,4,1.0,0,33,low,0
0x006f26845ed58e4503a0dd61c69708e3cc028cc5,10,5,22.3822,93.5799,150.661,75.2205,0.0,0.0,0.4993,0.0,5,2,0.0,0,65,low,0
0x006f74448baead5563915255c8fbc12fd7f6a5df,298,63,114.8415,0.1732,336272.7484,3718184.5453,3419779.1011,124369.117,11.057,0.9197,142,7,0.6325,0,366,medium,0
0x007078c8001b515b14000cc78306072a5dfd55b3,30,5,28.8223,58.4553,858.0303,375.7525,375.9003,1476.5963,0.4379,1.0004,4,6,1.0,0,81,low,0
0x00707aa2eeff1ddb8b22bd1539f92818c9cb8a85,39,7,74.0196,52.2879,363112.4276,140980.6552,141408.8185,11930.2572,0.3883,1.003,10,3,1.0,0,26,low,0
0x0070bc9033adf1e49517f98304f41f778d370208,43,14,83.4371,44.9659,43010.0716,15747.7816,12368.9982,54265.1206,0.3661,0.7854,5,9,1.0,2,446,medium,1
0x0072b1fa7a78e6e2df568563fb551ad2fb8c01bc,2,1,0.0,109.6452,0.0438,0.005,0.0,0.0,0.1133,0.0,1,2,1.0,0,52,low,0
0x0072b9af9a7dc5a42091f01d3d22bcf298d398fd,54,14,84.968,15.8483,6802780.9196,8132888.9073,10316745.8846,9619046.2243,1.1955,1.2685,13,1,1.0,0,18,low,0
0x0073245e2bf4f38400634d4ba7527bbd34bfc6ba,10,2,53.8116,24.0616,3601.3681,2122.337,2025.2347,4756.8826,0.5893,0.9542,3,3,0.9431,0,100,low,0
0x0073943c869d55da3b7c8ab40ee3c2a68b65fb33,63,11,22.0819,12.9566,71627.2895,69748.9235,69960.443,87670.2457,0.9738,1.003,10,7,1.0,0,261,low,0
0x0076b2f8ead986bb6de67735313891c0876f4388,2,1,0.0,116.5634,0.0195,0.0041,0.0,0.0,0.2083,0.0,1,1,0.0,0,24,low,0
0x0076fcc7d245f6c7aaf07238adfb48adc62bdd55,21,8,41.4598,45.6431,11139.9868,11118.1168,6811.7566,1103.6684,0.998,0.6127,8,7,0.9335,0,218,low,0
0x00778698bbc902543b596af6e7c0aa13b614162d,48,19,76.5569,7.4156,20176.7186,9643.1039,8151.6616,8146.134,0.4779,0.8453,12,3,1.0,0,143,low,0
0x007849ce924f0a3ed1baccbff2742a3d1cdc7ac0,4,3,8.1893,2.8758,1354.9125,733.3548,0.0,321.094,0.5413,0.0,2,3,1.0,0,611,medium,0
0x0078c86e12186e2de1ff6fef5f1ada2bffde4ea5,11,3,12.9834,115.0417,31626.24,15397.3997,15412.7719,70641.7628,0.4869,1.001,2,4,1.0,0,6,low,0
0x0078dc11a5b751eb0e94d6c97cae29acf6e8579d,10,3,15.7207,4.3579,446.3518,110.1337,113.1976,0.1033,0.2467,1.0278,2,4,1.0,0,446,medium,0
0x00795ff7870798a332a99c3969406286259dce8f,17,11,78.1211,9.5799,2167.1076,2732.404,1303.4509,0.0,1.2609,0.477,8,4,0.4874,0,358,medium,0
0x0079e0ce802e67adba53ac0e7927f45f6304ae6f,2,1,0.0063,1.2972,0.0159,0.0023,0.0,0.0,0.142,0.0,1,2,1.0,0,676,high,0
0x007c4bb067d9b6afeb4c13415477d396123c4aa3,262,81,122.3998,19.0043,220938.8667,225806.2728,198948.2345,155912.5514,1.022,0.8811,46,8,0.9801,0,104,low,0
0x007d42732fee6a2a8de421a06dcc02daf93e2b2f,8,2,10.9838,1.0495,934.3632,173.6824,198.4853,696.7292,0.1859,1.1428,1,1,1.0,0,177,low,0
0x007dc697bbc1bdfb0988db00ebb3d17d52fdda3d,196,26,24.9983,74.4073,614628.5934,230153.1566,211077.8441,952593.0765,0.3745,0.9171,16,8,0.9166,0,32,low,0
0x007de57773b6eb4ebbf6a740dfde1efdd5629630,12,8,87.6356,45.4792,112.3537,0.1335,0.0,307.2613,0.0012,0.0,1,2,0.0,0,74,low,0
0x007e4e679e14f17d62607418f546e2d97d9e5a61,6,2,1.9594,86.6106,1050.0225,250.1499,250.8753,249.9633,0.2382,1.0029,1,2,1.0,0,22,low,0
0x007e8e7ccdfc45f0a6319a3aa938203126f1d646,4,1,0.0011,114.0634,2635.0143,779.9718,779.9718,2635.0143,0.296,1.0,1,2,1.0,0,8,low,0
0x007f3da6715efd4b6994b7348b644b64b695d3b1,137,5,7.0774,121.8837,7431545.6228,5335102.7543,5343323.4821,16486285.1393,0.7179,1.0015,27,2,1.0,0,3,low,0
0x007f4172d3dcd318d7bd0eec9325ad5e4c2bcc8d,5,2,58.1104,36.8917,11773.8923,8594.3901,8577.6276,20403.9954,0.73,0.998,1,1,1.0,0,24,low,0
0x00800d9019001aff6e1eba3312e35e9b22d3f058,122,21,110.7854,0.736,86157.822,52943.3454,33427.383,25046.5179,0.6145,0.6314,35,5,1.0,4,964,high,1
0x0080a01a45d5e023435dc82970ec2681a5ae050e,49,17,104.9782,17.3131,35975.9425,13047.6494,0.0,15848.6635,0.3627,0.0,11,5,0.0,0,169,low,0
0x0080bdce06d56ce3911ad7f73e4c3bbd577e267b,11,6,22.4306,71.7067,46442.9936,6170.0203,6173.5677,43635.4532,0.1329,1.0006,1,4,1.0,0,18,low,0
0x008183a11eacc113e85007bd14bfbd6da3f687f9,63,28,95.4262,2.5268,9834.7333,5561.4688,4928.8076,6238.4955,0.5655,0.8862,13,6,0.9651,0,220,low,0
0x0081b2ec2af3f22528d6581e6554aaba5141e985,17,4,5.9519,108.7037,267313.3621,314902.1894,412341.0097,413164.0974,1.178,1.3094,4,3,1.0,0,4,low,0
0x0082a12e195b8f31660830132e72716225382075,47,13,26.9497,72.6431,5037.6142,3504.3534,3462.8795,3843.9281,0.6956,0.9882,14,7,0.988,0,98,low,0
0x008426fc298852d92a4a2b3607aa384a51c4b65a,4,1,0.0005,111.5851,22386.0589,7803.5726,7796.3225,22365.2595,0.3486,0.9991,1,2,1.0,0,6,low,0
0x008450344d3518a45a2d4fd0425eea6a5c08033d,92,13,14.6494,76.6869,170191.6207,110124.6409,85735.3152,137691.4369,0.6471,0.7785,28,7,0.6474,0,76,low,0
0x00861fefcfef0a542b0a6c90ce1ee575e257a6c7,66,25,98.7139,15.0658,16418.6681,8196.7148,4600.5732,12924.1125,0.4992,0.5613,10,8,1.0,0,214,low,0
0x0086bf55d1e7225d1faf4f17ccd48983b0146cc6,22,6,8.7489,116.3735,10978.1836,4642.591,1429.4705,2394.2029,0.4229,0.3079,6,4,0.3092,0,15,low,0
0x0088b7a2ee442d30dc18b5fe9e3227af18120b02,2,1,0.0008,7.4349,0.037,0.0151,0.0,0.0,0.4084,0.0,1,2,1.0,0,657,medium,0
0x008a34511b9808c41237d7568e409141ab10796b,38,31,78.3668,0.7432,2273.2552,3070.7228,1025.0608,70.3676,1.3508,0.3338,3,5,0.6518,0,202,low,0
0x008ae504ac6c0c89d32009c02b3a92e57fec188b,17,9,42.0691,44.8944,396.6734,134.9337,33.1858,0.0,0.3402,0.2459,7,5,1.0,0,371,medium,0
0x008af94ec70860b667caec3a2e2de07597db90c6,39,19,79.0984,44.7628,6085.5378,3295.9759,3305.3132,6462.5999,0.5416,1.0028,4,7,1.0,0,53,low,0
0x008b1ffe244bf31896c833bff4ad9009e7a0f4eb,37,18,53.9431,87.2758,696388.5564,383108.7504,81223.4267,109311.6153,0.5501,0.212,11,6,0.5783,0,26,low,0
0x008b61e1a118db01bc5e253da985c5f11fe04b4b,2,1,0.0011,57.6316,39.7377,16.0556,0.0,0.0,0.404,0.0,1,2,1.0,0,268,low,0
0x008bddb9cca2d92deee55a50d0f358eaf4b7f076,24,9,48.9987,39.2436,1470.6983,211.1354,110.9853,1255.8212,0.1436,0.5257,5,4,1.0,0,149,low,0
0x008d399b5936b8fc3d6ce86ad53ac001217e3978,9,3,6.1757,95.0207,214.0471,100.5044,44.1518,117.7867,0.4695,0.4393,2,3,0.4391,0,31,low,0
0x008f1edc31890f9c66d4b9cf24c78dd651502274,45,12,14.6753,6.2148,221.1142,143.315,144.3621,239.3263,0.6481,1.0073,8,4,1.0,0,382,medium,0
0x008f96aab23e71c98398e6c5dabf2ee2ded9f15d,184,32,139.3061,1.8436,15556.1035,7077.5213,6035.0308,10552.622,0.455,0.8527,38,7,0.932,0,221,low,0
0x0090ca7a7e7923d6b67319c268f3eef1b5bd5d3c,7,5,69.625,7.4808,769.0813,274.9252,0.0,105.1033,0.3575,0.0,3,3,1.0,0,418,medium,0
0x00916ef0f7c59f94a28ec2a332b95d4c089a8d48,5,4,86.4619,10.5185,13385.0908,3737.0838,0.0,0.0,0.2792,0.0,2,2,0.0,0,236,low,0
0x00917065867c9cb16d75abfbfa76aa69bd92ab75,2,1,0.0,111.6866,0.0528,0.005,0.0,0.0,0.095,0.0,1,2,1.0,0,48,low,0
0x0092a80c90069d5a243caa28fff0eddd5c03696d,3,2,70.7886,45.1051,1.0128,0.4993,0.0,0.0,0.493,0.0,1,3,1.0,1,442,medium,1
0x0092f6fe26d0c54f9e60326e8d93cf6770cdf494,27,3,3.2347,84.9256,7845.9461,5741.5981,5733.271,7739.9501,0.7318,0.9985,5,4,1.0,0,27,low,0
0x009330f669003eada06b676b6e5cb77415471e7e,4,3,7.7944,62.9145,5.2921,2.6368,2.7328,0.0,0.4982,1.0364,1,2,0.0,0,65,low,0
0x0093660a2f58c0c38ce2ce0f894c86f9011478ea,162,71,73.7923,0.246,186.3686,130.5154,0.0,46.2255,0.7003,0.0,44,2,0.0,0,395,medium,0
0x0094cb1657ee9da34b93845aa142eaa59169ee05,245,44,115.4532,0.1163,33337.3593,27295.6956,18335.1668,23366.7572,0.8188,0.6717,51,7,0.8364,0,283,low,0
0x0094ccf467b9b767df3203796250014a7174a87d,4,1,0.0091,23.5977,2.273,0.5314,0.0,0.0,0.2338,0.0,2,2,0.5723,0,524,medium,0
0x0095afc96094160cea6a5e00b5858369f25f3d74,10,6,87.692,46.9397,330.9409,119.6739,0.0,885.7594,0.3616,0.0,1,5,1.0,0,93,low,0
0x0097f65bdc45149e5ffac00e4c51a5b073af7245,13,1,0.0533,97.1769,2.6734,1.4441,0.8727,2.0821,0.5401,0.6043,2,5,1.0,1,201,low,1
0x00983187e18f62a2ac1dcebd63f2e5f50394cc74,39,14,62.4391,24.2424,5509.3527,5351.9042,5020.6966,7789.9672,0.9714,0.9381,7,6,1.0,0,145,low,0
0x00988fe82c5550c2240c9874d55cbd100cd1a722,4,1,0.0004,130.8548,1426.2941,456.9718,456.9718,1426.2941,0.3204,1.0,1,2,1.0,0,5,low,0
0x0098bc1587f679bd2e678bbf64ccfea4a0d3b899,2,1,0.0,109.7194,0.045,0.005,0.0,0.0,0.1112,0.0,1,2,1.0,0,52,low,0
0x009990e99b12f7ebcc594fb721fe56e4f88ac27e,5,3,10.8419,31.1665,1170.3328,283.9445,283.8009,284.927,0.2426,0.9995,1,2,1.0,0,117,low,0
0x0099a7b429f7541cbda34d6aa8cd82181fbb8bb5,37,11,13.8731,65.0027,27875.2146,10087.2028,7433.6071,3175.1122,0.3619,0.7369,12,6,0.7368,0,118,low,0
0x009b21f6f8273fe12dbc9c8025ca27db7de16b8c,187,49,81.9503,16.8358,1684.0459,898.9837,897.4931,2173.9448,0.5338,0.9983,38,7,1.0,0,284,low,0
0x009b56330ae5ec5042b9ca46ddb3043cc0d006f3,3,2,7.5385,106.4759,402.967,94.4998,0.0,0.0,0.2345,0.0,1,3,0.0,1,122,low,1
0x009c52172355d5729543a64832249638822ff8c9,4,1,0.0017,107.4212,10595.5994,1121.0124,1121.0124,10468.161,0.1058,1.0,1,2,1.0,0,10,low,0
0x009c8da3408c57e8c4b6872fbbdf832dadf45c5e,22,2,5.339,79.8693,120.9444,35.9342,36.2438,121.3198,0.2971,1.0086,1,2,1.0,0,18,low,0
0x009d3342ac1246d0e95a7f6772e11ce9f07b2560,4,1,0.0003,111.6226,1109.4231,264.4964,264.4964,1109.4231,0.2384,1.0,1,2,1.0,0,10,low,0
0x009e8675b19be214d3f620e90c5e0de7a13c3c5a,109,38,103.6931,7.7181,6552842.5368,3552238.021,3139155.3182,2145949.4406,0.5421,0.8837,13,8,1.0,2,465,medium,1
0x009ff94a057c75f661e3e28f89b9b9d84e57fc67,252,40,96.944,1.2146,110106.109,69598.4113,1653.0584,26568.6018,0.6321,0.0238,56,7,1.0,0,476,medium,0
0x00a0847926a77692495774f1c71ba8abef99dd52,62,9,17.0169,115.2293,400917.6927,424928.7376,145535.9835,85355.3022,1.0599,0.3425,21,7,0.4032,0,25,low,0
0x00a09297f06b3790a37cffb2de91a0fccf0d5bac,160,44,78.1591,4.9441,244.1533,198.4608,73.7679,63.176,0.8129,0.3717,15,8,0.9089,0,478,medium,0
0x00a3141fe0c2f5b67338cf9da496d1b3a65969e3,3,1,0.0009,89.1052,0.3433,0.0512,0.0,0.0,0.1491,0.0,1,3,1.0,0,113,low,0
0x00a3d4e0134ff2046e9c9b83d3321625ba3da1bd,16,12,17.685,53.1533,0.0264,0.0008,0.0008,0.0,0.0292,1.0006,2,4,1.0,0,112,low,0
0x00a67dc242df79dd7f6145ce38840581ae90c110,13,9,80.403,36.3787,22352.6526,471.7218,0.0,1040.901,0.0211,0.0,1,3,0.0,0,77,low,0
0x00a72d7b5050e8fa50a471f2c9af1dc21eac4d36,18,5,19.9449,63.7455,42351.0759,16856.5537,16890.1865,38044.0454,0.398,1.002,5,5,1.0,0,52,low,0
0x00a73c4e596bec4c4068a9152da71e45480b5450,4,2,22.2358,23.3493,1.6857,0.0583,0.0,0.0,0.0346,0.0,2,2,1.0,0,486,medium,0
0x00a8bec03805bcfaafab1050dbcf90f57982d750,153,47,120.3175,23.1421,1982087.3102,584357.4556,585086.6111,1359786.8319,0.2948,1.0012,33,4,0.9997,0,34,low,0
0x00a9481685d2cb1536bbe5188a898b38d36e34d8,4,1,0.0016,135.0823,6935.8344,2006.2814,2006.2814,6935.8344,0.2893,1.0,1,2,1.0,0,3,low,0
0x00aab1b1a554f59b96a0de510837ba951ba375e0,2,1,0.0019,79.9983,4.5661,0.9966,0.0,0.0,0.2183,0.0,1,2,1.0,0,156,low,0
0x00aac20f271c4731591cca07913e994d6f1075c0,633,99,103.044,0.4731,76008.4365,39487.8076,18307.3493,56818.2685,0.5195,0.4636,89,8,0.9639,0,323,low,0
0x00ab84845d68063c1dcd2a5f2cead5f253b249a2,148,49,137.9202,7.1219,3610.475,1777.7736,989.8284,2101.6851,0.4924,0.5568,20,8,0.78,0,212,low,0
0x00ac60244df04dfc07146f037d14f93320af57c9,203,35,62.2953,27.3213,57830.0607,17248.7701,10783.3846,51132.1821,0.2983,0.6252,111,5,0.6241,0,296,low,0
0x00ad3d4cc099be937879451698c673cbd5c3cefc,3,2,6.181,17.4365,1.0732,0.0101,0.0,0.0,0.0094,0.0,1,3,1.0,0,569,medium,0
0x00af05a74080485086d370d9c65d246f0f906528,14,3,51.7787,72.2442,2076.0334,1332.0453,0.0,0.0,0.6416,0.0,5,6,1.0,2,721,high,1
0x00af158367a6fcdb1a367f6d503e05799f340881,4,3,27.8716,23.635,1.0206,0.0,0.0,0.0,0.0,0.0,1,2,0.0,0,277,low,0
0x00b43a92d45ccdfeef6ea98d56f775586fe9e39e,189,56,126.4008,1.0492,24984.1393,9145.3654,9104.9298,66590.0369,0.366,0.9956,23,7,1.0,0,135,low,0
0x00b44f149ddb22209db070da0bca4bb01a6e555c,187,21,56.2674,75.336,692501.07,662292.5268,174927.9579,270555.6043,0.9564,0.2641,60,7,0.1155,0,62,low,0
0x00b49bd7e1a75f98a82ca101909994e52a90e990,8,2,67.9986,45.9365,98.2083,78.0465,78.052,97.985,0.7947,1.0001,1,1,1.0,0,29,low,0
0x00b591bc2b682a0b30dd72bac9406bfa13e5d3cd,114,20,138.5747,0.2189,1654900.3655,858790.4758,465565.873,1136097.5711,0.5189,0.5421,33,7,0.9936,1,401,medium,1
0x00b5ebd8c8561a28c1834fe08d7e607b73271328,50,13,32.3533,80.4781,52166.516,44765.7873,44803.1272,53111.4233,0.8581,1.0008,11,1,1.0,0,10,low,0
0x00b65668a962ee571a8f223abd696ab1bd3a391f,4,1,0.0082,23.5571,2.0012,0.1001,0.1001,2.0012,0.05,1.0,1,1,1.0,0,246,low,0
0x00b7af5a4aaafd2ae2721ac415de840dd84efc5a,29,8,25.1499,76.1504,986.5501,336.384,180.3627,595.1459,0.341,0.5362,6,4,0.5375,0,52,low,0
0x00b8bfc0b407187392aa9fe56eaa7c17b5ebec48,109,7,32.0896,54.133,2054.5395,1138.9288,749.899,1239.7076,0.5543,0.6584,37,5,0.6584,0,198,low,0
0x00b8e23fe7ddea6791131decc5117023dc03cfb0,45,20,75.9504,12.0631,1261.9947,604.4959,607.3485,1496.315,0.479,1.0047,6,6,1.0,0,181,low,0
0x00ba8ccbf0c1ce62834d72706fe3236387f5da35,13,6,48.8408,56.6183,18449.3192,6527.9596,3990.973,9845.7441,0.3538,0.6114,2,2,1.0,0,24,low,0
0x00bb88a8309759a7c9f0a5c8e3a9364e8f564a8d,10,1,0.0,86.3256,0.038,0.0089,0.0089,0.038,0.2355,1.0,3,1,1.0,0,46,low,0
0x00bbcd7ea98da5f60ee393533aaa9edeb8573167,16,2,1.9319,83.7395,313.1039,109.1481,0.0,53.9236,0.3486,0.0,6,3,0.0,0,100,low,0
0x00bbfa640a4bac8f3650373be8f4bd77f0472101,192,36,82.8077,6.1018,36899.8519,34025.1225,24604.5903,24457.0773,0.9221,0.7231,69,8,0.8139,0,468,medium,0
0x00bc82902a4fbfa08fc5da418f642209f7b10c0f,3,1,0.0162,26.1914,64709.0767,53972.7887,0.0,0.0,0.8341,0.0,1,1,1.0,0,322,low,0
0x00bdc8be263d20bb3a83aaeadfef258dd409e2df,224,77,113.9922,2.8466,19169.2016,350906.433,335348.4179,8149.9819,18.3057,0.9557,59,8,1.0,0,400,medium,0
0x00bf2f290d3aef716cd8127acc153c273c23c538,103,35,140.1114,0.9363,177288.1551,102505.781,62644.2654,111890.4218,0.5782,0.6111,14,7,1.0,0,118,low,0
0x00bf6ec0064e1a733a0fcc6df071b2cf514ff0e8,18,1,0.0474,79.8159,444.3788,278.6157,279.1109,444.9359,0.627,1.0018,3,1,1.0,0,22,low,0
0x00c26a3e7117cfe0e4afacff2a1be9e3d2384c6e,79,4,2.9648,79.7025,2784.7813,2157.5274,0.0,0.0,0.7748,0.0,39,3,0.9521,0,303,low,0
0x00c2e5aa91c2b6927a4e8533482c8217b450a6a1,156,44,122.9186,1.7681,9362909.2611,7350233.7467,6511991.2494,8315358.0707,0.785,0.886,35,4,0.9548,0,51,low,0
0x00c33f577e35165e07dd9a43b2baf124163bac0a,5,4,34.5446,0.5529,1206.2004,221.6442,0.0,0.0,0.1838,0.0,1,3,1.0,0,571,medium,0
0x00c3a5aceb3fe926a7a9772a6c4efd9f6beb7d73,4,2,1.7239,77.6383,18532.6388,8198.659,8265.012,18361.7957,0.4424,1.0081,1,2,1.0,0,18,low,0
0x00c3a7a09fe2fed6f8c163202aea9cfad99874b3,103,28,82.3207,1.6766,11992.6583,5756.5491,1986.726,6757.0336,0.48,0.3451,22,6,0.9551,1,657,medium,1
0x00c4a3ac304984f216b8a8a0c182fae7984c83dc,29,6,29.7696,63.2435,5093.7888,3583.1997,3581.9424,10257.6284,0.7034,0.9996,5,4,1.0,0,38,low,0
0x00c5514615e9aeb9cf51f2e635b33743ae062dfe,17,4,6.5117,88.3965,223516.9082,178582.7175,193207.5518,241597.4772,0.799,1.0819,4,2,0.0,0,6,low,0
0x00c67d9d6d3d13b42a87424e145826c467cccd84,71,28,123.1301,8.7722,33576.8956,11072.168,11048.8651,329336.6468,0.3298,0.9979,13,8,1.0,0,141,low,0
0x00c6bf08de7e3c560357b0b4e27da2fa6f8519eb,50,11,32.4847,70.6836,5152.4636,4949.1455,2114.0995,2454.1022,0.9605,0.4272,24,5,0.3244,2,538,medium,1
0x00c844967b2ab4c5ac26f44dcbffa7c06897e18e,21,6,16.2391,35.2531,13846.7178,7650.22,4680.1617,3335.831,0.5525,0.6118,6,5,0.1345,0,160,low,0
0x00c98bc1a9458f9fb28887da8172e90df88da379,4,1,0.001,130.3685,1517.6722,636.0981,636.0981,1517.6722,0.4191,1.0,1,2,1.0,0,5,low,0
0x00c9acc867f576baf35e96521d139115b316a48d,3,1,0.0018,7.4078,0.0709,0.0269,0.0,0.0,0.379,0.0,1,2,0.0,0,525,medium,0
0x00cc1cf9b3c95b432a90878bc2c2dbb7a3daaccb,4,1,0.0009,111.5303,5899.1248,499.5619,499.5619,5899.1248,0.0847,1.0,1,2,1.0,0,10,low,0
0x00cc4cae4ce9cbd5c87f877b1c81acb8cc8bf223,2,1,0.0014,7.5033,0.0192,0.0056,0.0,0.0,0.2898,0.0,1,2,1.0,0,645,medium,0
0x00ce22866efe39c055ff21bda32b179a7683ab5f,4,1,0.0008,133.9981,7576.7323,2502.3028,2502.3028,7576.7323,0.3303,1.0,1,2,1.0,0,3,low,0
0x00ce56c1f4780f46309b52054454a9ec913dd31e,2,2,4.5373,79.9876,99.9178,38.8884,0.0,0.0,0.3892,0.0,1,2,1.0,0,135,low,0
0x00cfbd5d2e36dd8182318a074cb1f399b608bfec,12,7,14.9623,68.127,295.942,100.1715,99.9379,107.0818,0.3385,0.9977,2,3,1.0,0,48,low,0
0x00d2432e6af76a8150a7609d7ff11dbe44de8e14,7,2,20.6833,23.327,2.0627,0.338,0.0,0.0,0.1639,0.0,3,2,0.0,0,406,medium,0
0x00d29fbc981d05edba69bc0909e391a132271357,64,25,83.6827,26.1315,213500.4405,78986.469,78123.0117,1003205.1679,0.37,0.9891,7,7,0.9882,0,57,low,0
0x00d353a1b6e1a3b3a23e849c5d51772bb7fdaece,3,1,0.008,23.544,2.2384,0.5596,0.0,0.0,0.25,0.0,1,1,0.0,0,353,medium,0
0x00d3addc7cb1637c73359d41949a1a369d7f092a,107,21,39.4767,71.1474,48505.1512,46263.343,53740.9285,57753.3784,0.9538,1.1616,19,5,0.1918,0,21,low,0
0x00d3ecff51b5e5b957c33c5656486ebfd60e58a7,46,10,77.9718,4.4226,1283.6456,362.2712,360.4139,538.8585,0.2822,0.9949,10,5,1.0,0,286,low,0
0x00d5201c4def4d1a199c63e07eac53f43252a0ea,17,7,70.632,44.3282,359.192,355.5798,86.0306,0.0,0.9899,0.2419,7,5,0.9005,4,971,high,1
0x00d5615d3446b1719e6ee0684218891bc5a2100c,12,3,2.0203,77.1446,535.0252,361.6583,0.0,0.0,0.676,0.0,5,2,1.0,0,166,low,0
0x00d6cad0eb8fe405b4c27ca2071b0d0653b9c2fc,41,7,11.946,81.4498,2937.3036,2526.3726,2464.9724,2932.1664,0.8601,0.9757,9,4,0.9775,0,39,low,0
0x00d831f24309b3271297f19b8e9be846c8c531c4,141,25,60.8948,35.0009,536379.5952,39091.7295,39076.0417,498312.8309,0.0729,0.9996,24,7,1.0,0,131,low,0
0x00d8dc2f6648dfc0472a673d85f4bc022d5cd17a,5,3,100.6846,23.3062,27.214,0.2283,0.0,47343.7893,0.0084,0.0,2,2,0.0,0,136,low,0
0x00d94da07ea932ed8426e8dfd06615bda49b8022,36,9,79.2634,3.0809,4031.1667,3506.7963,1689.0745,2643.1634,0.8699,0.4817,12,5,0.6957,0,334,medium,0
0x00d9acf1d63eae19a1b0e416be85dd7754298ffc,3,2,18.3273,103.9301,503.677,146.3011,0.0,0.0,0.2905,0.0,1,1,0.0,0,25,low,0
0x00d9d164c3cdc126d33d541fe6e0cd55f4d4ed63,21,6,8.072,90.5054,997.2268,487.4237,126.3018,123.4313,0.4888,0.2591,8,3,0.2578,0,55,low,0
0x00da65b9d6ea469301021381f9b16cf3e80fa8b1,270,37,47.5179,66.0073,5984462.5798,6224694.0862,6230401.2461,6523287.9842,1.0401,1.0009,59,5,0.5171,0,20,low,0
0x00da9446b29e3d2424b9db0c7e701ad33fdfedf4,4,1,0.0019,107.1569,10589.3455,998.8626,997.2523,10672.2185,0.0943,0.9984,1,2,1.0,0,10,low,0
0x00db170287aaa8a93b08cda808af76d11a5f0fff,26,3,106.0843,19.9681,78871.5164,58070.3316,36841.3291,22819.0318,0.7363,0.6344,8,3,0.7654,0,63,low,0
0x00dc7f0ff419ed1634728a77146c6754541d2b82,25,8,9.7177,60.9027,837.7461,760.8648,758.8519,2279.8963,0.9082,0.9974,6,6,1.0,0,120,low,0
0x00dcb0f4d625ca40a0f0cd2f45bbdbd343198793,20,4,3.2898,13.1099,89942.081,30077.1715,31966.5849,95723.9429,0.3344,1.0628,4,3,1.0,0,140,low,0
0x00dd72466c9bc28c9765b406ea147c1e15dbc7ab,40,24,121.8044,3.3029,4214.3281,2738.1638,766.655,145.7952,0.6497,0.28,8,6,1.0,0,277,low,0
0x00de3a8bdee6e682c3509d66a947d05a8ca797af,4,1,0.007,23.6684,2.273,0.7105,0.0,0.0,0.3126,0.0,2,3,1.0,0,623,medium,0
0x00df99e12315cac90f49527b07d753b7fe9faccd,6,1,0.0136,23.579,0.2268,0.1064,0.0565,0.0,0.4691,0.5308,3,2,1.0,0,490,medium,0
0x00dfae7aeadc69fce49cf389d2bee4aae67aa656,2,1,0.0,112.5284,0.0269,0.005,0.0,0.0,0.186,0.0,1,2,1.0,0,49,low,0
0x00e1ac868592c1fd51ed72abca14930075ed892f,3,1,0.0017,46.8045,15.3474,5.2516,0.0,0.0,0.3422,0.0,1,1,0.0,0,203,low,0
0x00e22b85d329650e35a9d664b7c408a57820f13f,156,36,94.185,2.1548,164998.2359,106975.7311,83500.3205,478338.8271,0.6483,0.7806,20,8,0.7797,0,187,low,0
0x00e2362abcebe7833138bd460000ba5d4f6ee1e6,51,2,3.8341,77.3767,430.9143,196.6311,222.5344,432.2397,0.4563,1.1317,10,1,1.0,0,32,low,0
0x00e294652292776e4d59f416ef35a73cae0e01dc,2,1,0.0008,100.0664,25720.2207,6995.9001,0.0,0.0,0.272,0.0,1,2,1.0,0,62,low,0
0x00e3088ddbd715f119651a58964ce1714b590f34,3,3,43.2166,5.3672,138.7925,0.0,0.0,0.0,0.0,0.0,1,1,1.0,0,650,medium,0
0x00e421ba23dbe6a165255be382f46fcb927f8951,2,1,0.0053,5.6588,1926.0919,1263.5165,0.0,0.0,0.656,0.0,1,1,1.0,0,568,medium,0
0x00e4f6071dcfc268ed4487e2a004d01e3666107e,110,28,103.8095,3.0902,661434.3256,523065.9727,33558.9929,62391.5996,0.7908,0.0642,32,3,0.0,0,132,low,0
0x00e650676a38478b3eee9e3eb741a6075b2c95c1,12,1,0.1324,76.7745,0.0,152575.3188,305722.8891,265105.4883,100.0,2.0038,2,6,1.0,0,10,low,0
0x00e678b0cdae186eb3c4b08cfe3d1a698882c0af,38,16,56.0349,55.4617,5190.4168,2971.8564,3188.6488,5106.0154,0.5726,1.0729,9,2,0.0,0,20,low,0
0x00e6f8d8fb80b0c302a6bd849b79982dc9945b15,7,3,17.2032,44.9803,223.2945,120.7669,119.791,422.8253,0.5408,0.9919,1,3,1.0,0,78,low,0
0x00e7092c338d69f7ae230081d862d347ef9dcf1e,10,4,46.3599,8.1007,357.6929,131.7591,0.0,0.0,0.3684,0.0,5,2,0.0,0,469,medium,0
0x00e839bc0c9a130afe30974914c4b0100756cff4,468,60,60.6312,67.6685,3632735.9024,3289590.8781,1738435.3081,2832993.6558,0.9055,0.5285,82,7,0.5892,0,37,low,0
0x00e979f43658ae9cfb838b07d4b3bc70f12b93cb,52,22,103.6638,3.4367,6572.3598,2307.5329,49.8183,1804.0501,0.3511,0.0216,10,7,1.0,1,693,high,1
0x00eadb769d931de24bb9252c3cc3a6f8de3f86cb,16,1,0.0154,81.2487,39.3413,19.3694,19.3533,39.3169,0.4923,0.9992,3,2,1.0,0,42,low,0
0x00eddd42021ba97a37097ad4286b893b206e12bc,56,21,60.0288,23.3455,884.66,515.322,371.1554,880.9621,0.5825,0.7202,6,8,0.9268,1,506,medium,1
0x00ee45c909dee53b4cf6af3a5fc3739cd2f9f2a3,16,4,20.2346,4.07,24724.7322,12082.7814,0.0,1053.9298,0.4887,0.0,5,5,1.0,0,621,medium,0
0x00ee80c322d6e956d2629a73223605bbda946f2d,3,2,51.7105,23.5171,0.1119,0.0996,0.0,5.0273,0.8901,0.0,1,3,1.0,0,396,medium,0
0x00ef17fb802141f4a12026c4492bafc43d8ab85e,21,7,71.8941,14.0689,295.7089,212.6497,108.4618,0.0,0.7191,0.51,9,7,1.0,0,606,medium,0
0x00f00fa5ba62e19615bbf759b7155de7ba96f27b,28,4,6.8528,0.7796,44149.5146,7840.7341,1222.3565,224.038,0.1776,0.1559,2,5,1.0,0,434,medium,0
0x00f14df956a8e0b34e0c5bddb6e39dec48ec7baa,5,3,57.9128,18.7364,1044.0259,500.0191,505.7697,1470.6034,0.4789,1.0115,1,2,1.0,0,82,low,0
0x00f4765d1e007cefc091d84c2bcd1c16ddcc2c87,28,6,7.5415,12.8321,14981.7169,7996.0772,7949.9005,17577.5679,0.5337,0.9942,4,4,1.0,0,179,low,0
0x00f4fa7ac6f012e7e65d325022ba1397a83ca694,5,5,58.8551,21.0444,401.4958,68.2321,0.0,119.3444,0.1699,0.0,1,2,0.0,0,167,low,0
0x00f5481262d4845b292ba0c41752de258b3bbeec,83,15,33.2804,44.2232,229950.7026,43178.9714,43194.4567,365789.0956,0.1878,1.0004,10,7,0.9642,0,84,low,0
0x00f57a995e566fa107d36ca5443629c7bee31213,3,1,0.0036,50.9651,0.0005,0.0001,0.0001,0.0,0.25,1.0,1,2,1.0,0,152,low,0
0x00f656a2953a15ddf8d9d9726b67dd4e61f238b9,17,3,5.4213,82.8923,147.7227,81.2475,80.8976,157.8321,0.55,0.9957,3,4,1.0,0,45,low,0
0x00f777857b95c1d0fe7564ae343d1a00c80b38f1,229,20,61.8607,25.6236,1840.5513,604.3053,452.5755,1166.5235,0.3283,0.7489,45,6,0.6679,0,302,low,0
0x00f83f560dea6e8317900beabc89be027da154f8,6,2,1.8873,58.0545,360.1426,67.4731,0.0,0.0,0.1874,0.0,2,1,0.0,0,149,low,0
0x00f8a06340b52aee151b871a915c06af3c053470,363,35,37.812,69.708,2079.8843,1098.194,579.5113,1494.1329,0.528,0.5277,101,8,0.4685,0,239,low,0
0x00f8dcbf7f64e30efff649bd9f137af0eb80e4da,5,2,0.4747,5.5457,14.931,3.381,3.386,0.0,0.2264,1.0015,2,2,1.0,0,516,medium,0
0x00f9126faecd227f6cd0ccba36865c9a7c55ff24,2,1,0.0,110.3501,0.0517,0.005,0.0,0.0,0.0962,0.0,1,2,1.0,0,50,low,0
0x00fc6300b77a8ea902d576eafaa9ba40daa7c415,19,4,37.51,87.4155,29.4794,10.1517,0.0,0.0,0.3444,0.0,8,2,0.0,0,77,low,0
0x00fea8ef6f337ce6aa8b5bb7086ace94dd0434a7,4,1,0.0026,153.9916,130.3582,96.7946,0.0,0.0,0.7425,0.0,2,3,0.9963,0,18,low,0
0x00ff162742cd72f0a726cf90138a832ab5f0d48e,2,1,0.0,116.33,0.0225,0.0046,0.0,0.0,0.2058,0.0,1,1,0.0,0,24,low,0
0x00ffb2daca4977f6edb65b21c21184eee6a5a72a,2,1,0.0004,23.6807,0.1137,0.0568,0.0,0.0,0.5,0.0,1,1,0.0,0,380,medium,0
0x0102b4bf6272eae55dffc8008ba81ac2bab58ca0,3,2,6.9873,53.3827,265.5668,180.3879,0.0,0.0,0.6793,0.0,1,2,1.0,0,228,low,0
0x0104b9e629be9b419a5f0b4974de5e8f2bb06399,15,4,3.7272,78.1859,326.3253,102.343,102.0756,325.5647,0.3136,0.9974,4,2,1.0,0,42,low,0
0x0105c26c5d013bb32223dbb2a4bbd98e9b0c320a,6,2,1.2522,123.9222,177.6523,39.9783,39.9115,177.9888,0.225,0.9983,1,3,1.0,0,10,low,0
0x0107aacde8714bd13357fc856d6b93b3f8b543e9,130,28,51.9799,0.1159,456499.8992,182629.2486,121180.3637,202370.4657,0.4001,0.6635,28,6,0.951,0,323,low,0
0x0107e33b5776e3052fdd624d6246df4f1d8ecddd,11,1,0.0122,77.5321,0.0,946429.4609,1892859.4618,2185489.3356,100.0,2.0,2,4,1.0,0,3,low,0
0x01080306fab7721ae1dbff1909df46b92a2c0b8c,73,7,21.409,49.812,1161.3371,1023.4079,1026.9097,1127.3612,0.8812,1.0034,23,4,1.0,0,161,low,0
0x0108678baac8accdcbff80294564f74725330907,25,18,52.4832,12.6619,22133.1683,1000.6709,999.6119,17624.1393,0.0452,0.9989,1,4,1.0,0,82,low,0
0x01087080dca984b607e1ebf263330431f979e528,49,5,27.5722,76.9377,419816.926,313255.3372,264705.7136,353715.7121,0.7462,0.845,14,1,0.0,0,9,low,0
0x010b19435d2bcae650c41af62440e2de08444026,5,3,6.4352,27.5864,24.2946,2.504,2.5628,3.675,0.1031,1.0235,1,2,1.0,0,245,low,0
0x010d23b534006f4e4f174a7530d7d9e3c131732a,92,31,115.3817,9.9003,21096.6099,5521.0707,5346.6439,15241.1605,0.2617,0.9684,11,8,1.0,0,154,low,0
0x010da4bb5ed14c387bc92de075b58e2d0cee23b1,17,3,46.1176,24.0114,0.1194,3784.2799,7568.4053,11089.9203,100.0,2.0,5,5,0.0,0,97,low,0
0x010e3a3a9aaf3d8ee76b26d154f8c16c970f477e,3,1,0.0075,23.5998,3.155,0.2273,0.0,0.0,0.072,0.0,1,2,0.0,0,414,medium,0
0x010e92ac8b581c760a4f3c877a4558e8cc278c70,16,2,3.9444,67.9549,1093.1817,1574.41,2225.2494,1911.5327,1.4402,1.4134,3,1,1.0,0,20,low,0
0x010eefc75fce6c266573960812b987fa22b6c64e,4,1,0.0009,131.4356,7371.3821,2236.7168,2236.7168,7371.3821,0.3034,1.0,1,2,1.0,0,4,low,0
0x010f6b049a5e8e963060b283486795630e5d83e2,10,5,75.8354,1.3986,13601.6714,8114.543,452.1297,0.0,0.5966,0.0557,5,4,0.9939,0,520,medium,0
0x010f995c1f0784b39865fb0dbeaf98311f3cc52c,2,2,0.625,7.3421,237.1052,22.4403,0.0,0.0,0.0946,0.0,1,2,1.0,0,692,high,0
0x01102f208a263a1b3844a1bfac5444cbfe7d052f,30,8,19.7789,76.9808,820.0413,594.1915,592.0498,820.8609,0.7246,0.9964,5,5,0.968,0,46,low,0
0x0111dcc6fc2df10b1145fdcfed2bcf1b1c00de91,2,1,0.0023,23.4355,0.0113,0.0011,0.0,0.0,0.1,0.0,1,1,0.0,0,341,medium,0
0x0113e5f85ae18da390377823825946fc45582d1f,12,5,30.0524,65.1797,2497.6155,1701.294,1722.1266,2523.1544,0.6812,1.0122,2,2,1.0,0,22,low,0
0x0114572c98f3756064b4be09cf02f05ef7f867a6,2,1,0.0002,20.3305,0.1357,0.0136,0.0,0.0,0.1,0.0,1,1,0.0,0,369,medium,0
0x0116ed59d76aaaf9ab5ef88807ab33b24df36efd,50,15,14.4838,79.8951,6880.0129,5618.461,5737.2924,7017.5676,0.8166,1.0212,2,1,0.0,0,4,low,0
0x0116fdba1f1dc87f91fcafe2fb365ca829cee686,223,38,82.0056,15.0329,1364270.9836,1091213.2384,756010.1393,1137063.5792,0.7999,0.6928,64,8,0.9709,0,255,low,0
0x011b042a0573972f547b885c86279291b04c6020,41,15,46.9883,17.2775,9588.1742,4968.904,3162.6684,7824.6331,0.5182,0.6365,11,7,0.3117,0,300,low,0
0x011b552b17d1a78af3be9f5b9fa85b6d66fc7dad,15,4,12.8168,95.1599,172.5156,200.869,132.8151,97.7248,1.1644,0.6612,3,5,1.0,2,313,low,1
0x011c3a587254b7312d78f2c8ba5adc41a1ed1357,234,30,85.7531,40.9772,31331.774,9213.4404,9237.2255,36380.5994,0.2941,1.0026,40,8,0.633,0,115,low,0
0x011e6bf0b2fccc01f137cfe776e1b1121f31fbaa,83,14,81.873,32.2287,25381.5712,33204.682,38385.1393,30611.051,1.3082,1.156,16,8,0.6351,1,279,low,1
0x011e835885e78d9f1c92e580dae0e142a33cf25e,4,1,0.0009,144.2379,0.3612,0.1416,0.1416,0.3576,0.3921,1.0,1,2,1.0,0,7,low,0
0x01212602bb6ef285d7fca99430283ba780fe5950,5,2,56.427,26.5401,130.6869,65.4305,56.9993,113.2993,0.5007,0.8711,1,2,0.0,0,70,low,0
0x01213e995cd6272ebbb929311b50787296f25600,52,21,80.8702,2.7857,11852.6236,6660.9177,6881.1248,23605.942,0.562,1.0331,14,7,1.0,0,295,low,0
0x01214a235c6767040c8fef6bd33519a6c7ad79ae,313,51,122.8126,0.4611,1632287.8432,6139169.682,3121479.2757,628079.5354,3.7611,0.5085,157,8,0.5833,1,658,medium,1
0x01222a114552e89e4c548170f8c1f4d5460d255a,284,66,131.5441,7.9122,641684.4343,204460.6082,197755.9916,539625.1488,0.3186,0.9672,37,8,0.9953,0,102,low,0
0x0122a648094d10ea18ae72673aea0334fae4d3a5,227,45,71.3146,66.5093,1412286.7203,167740.7622,167730.9901,1449199.3645,0.1188,0.9999,20,7,1.0,0,21,low,0
0x0125c79621229bd96a4fd6c71b7a8d276fd5db97,9,4,4.9419,77.1223,621.6169,158.0115,157.7112,157.7112,0.2542,0.9981,2,3,1.0,0,44,low,0
0x01281a8e31e2ac1bae55a69a7c962f526fa64f00,8,3,28.3767,107.7664,104.4087,17.3117,0.0,43.2487,0.1658,0.0,2,3,0.0,0,27,low,0
0x0128883953744d1d302421534757fd6f2d8ba88a,4,1,0.0004,131.0131,1395.0848,500.7055,500.7055,1395.0848,0.3589,1.0,1,2,1.0,0,5,low,0
0x012916ed48b20433b698cb32b488e52c639a2a66,61,21,82.0695,1.0112,8123.6408,6751.8058,4150.3865,3958.8238,0.8311,0.6147,28,5,0.8681,0,401,medium,0
0x0129ba41a907ac27f7683d291576f2e74362c421,17,10,67.2434,55.8792,6730.5643,686.6952,90.8065,5129.7978,0.102,0.1322,3,3,0.1311,0,42,low,0
0x012c597fca480b9766d52e4c1e5d4c0940982abe,4,1,0.0009,127.5939,4091.955,698.572,698.572,4127.26,0.1707,1.0,1,2,1.0,0,5,low,0
0x012ced3e78c1a70e156537e580f6fed3954b2e84,36,19,94.7418,13.1276,974.2379,582.6848,9.4227,8.6919,0.5981,0.0162,8,5,0.9783,0,380,medium,0
0x012e168acb9fdc90a4ed9fd6ca2834d9bf5b579e,7,3,43.6369,40.9479,5844.5694,3231.6753,0.0,4354.1612,0.5529,0.0,1,3,0.0,0,75,low,0
0x012f15e260f6275bc8e62be475adb07549765e70,4,1,0.001,102.5675,5807.6685,2300.1893,2300.1893,5807.6685,0.3961,1.0,1,3,0.0,0,8,low,0
0x012fefa16a3baad884834385a0988378852d00bc,7,5,50.4597,48.374,33.8257,11.2792,0.0,0.0,0.3334,0.0,1,3,1.0,4,948,high,1
0x01309200a32bb6b968aaf4ba20367d091fc7adbb,61,8,73.4686,25.354,73271.5717,56079.4114,0.0,6923.7225,0.7654,0.0,28,1,1.0,0,212,low,0
0x0130b68a18a612892374e1eefbb0697a291215f1,13,6,43.0011,17.7078,7584.9281,3969.2636,4077.097,0.0,0.5233,1.0272,5,3,1.0,0,243,low,0
0x01319c79cf53aeb6dfa2bf5ddc8a124527016695,3,1,0.0048,92.8177,740.7733,108.8616,0.0,0.0,0.147,0.0,1,1,0.0,0,50,low,0
0x0132749dd84ea8a0b242ff61f97ff40f96035df3,10,5,61.0607,21.8955,162.4488,65.6485,65.7705,50.5538,0.4041,1.0019,3,5,1.0,0,242,low,0
0x013274aa75bbc3bd7acff906e564edbbb50dce08,22,3,23.5294,20.2959,11742.8973,4599.649,4599.649,0.0,0.3917,1.0,6,3,0.0,0,190,low,0
0x0133a483873163fc5bc916de39abec8baf85657c,14,1,0.0797,76.8008,688.5431,324.6231,0.0,0.0,0.4715,0.0,5,4,0.9085,0,231,low,0
0x0135249c1897454959da69ac1481df6c1d4023a8,65,31,106.1164,0.2227,21431.2797,11123.218,4808.9743,4002.7177,0.519,0.4323,22,7,1.0,0,410,medium,0
0x01361dec98b8d86a584afd90a7c7c3ca0d908539,26,2,0.2928,50.6063,6030.9775,4045.6945,4017.5116,6140.1174,0.6708,0.993,7,3,0.0,0,62,low,0
0x0136f37e3373f91e6fc2d2ac76f0d01701754fcd,7,3,12.9209,36.8596,928.8447,384.3024,198.2644,1.0083,0.4137,0.5159,2,2,0.5196,0,171,low,0
0x01393a2f8cf06fb5335bf03acb0a4ffa958b5f46,2,1,0.0,113.2637,0.0427,0.005,0.0,0.0,0.1174,0.0,1,2,1.0,0,46,low,0
0x01397d68308d2a94865ffe0f84d26e94b6df1234,5,2,14.0912,126.9687,23.8223,9.504,10.9429,20.7887,0.399,1.1514,1,2,0.0,0,5,low,0
0x013a451f558aa0e0ac50b6199ba0e2f6b710369e,48,17,33.5482,55.5012,28638.7564,10090.011,9605.7315,27177.5645,0.3523,0.952,7,5,0.9516,0,48,low,0
0x013b81ad989b9009f4dab4c804c6007882f9a190,55,17,46.1595,79.018,94884.2845,25835.0344,14035.9535,32805.6027,0.2723,0.5433,8,6,0.5418,0,27,low,0
0x013bbe7e89333bb26c0959f547adcd77f54ffa80,105,52,82.9114,4.9289,367513.4867,147624.5059,124503.1512,87.9635,0.4017,0.8434,18,6,0.8339,0,211,low,0
0x013c270b6c893ed986ff69eef37ca5a1c1e59dff,25,14,86.5275,5.7825,78.0865,43.0079,10.5531,28.7351,0.5508,0.2454,8,5,1.0,0,490,medium,0
0x013c8b849edb8efc9a689854b7bc75f2dd1ccfff,9,6,16.8338,112.8765,218.1177,28.0041,28.0014,245.4124,0.1284,0.9999,1,5,1.0,0,16,low,0
0x013da16ead9075d66102ef98c23432a3af815b20,2,1,0.0015,118.8945,807.4397,403.7199,0.0,0.0,0.5,0.0,1,1,0.0,0,21,low,0
0x013e074822e7776516a0c69dce430ec1fdb26c0d,22,18,44.6766,31.8751,2142.7863,1604.7794,1597.4772,2122.4724,0.7489,0.9954,1,3,1.0,0,35,low,0
0x013e0a9ac418ca71de2b3b8ae7b67fbd13f2ab4a,2,1,0.0008,23.451,0.113,0.0452,0.0,0.0,0.4,0.0,1,1,0.0,0,374,medium,0
0x0140c762c812c087e5b63d1f36022cf349628d45,39,14,91.8416,9.1761,953.4656,0.7461,0.0,1767.3135,0.0008,0.0,6,4,0.0,0,454,medium,0
0x0140e9513def4729d7f7b6a5356ce6c84d7ae75b,10,5,9.1682,9.8218,2226.6674,252.1492,243.7999,1.0632,0.1132,0.9669,1,3,1.0,0,291,low,0
0x0142bfdf3d08eb9cca160c04e9240d7f9631f2b0,134,14,46.7341,57.8991,39144.8618,73345.7568,69717.326,41271.4154,1.8737,0.9505,44,6,0.9025,0,107,low,0
0x0143bd780dab8a7302141c3fdb8ebade1fb56f92,28,7,66.9795,33.3732,1833.8668,662.1104,663.7621,1667.6508,0.361,1.0025,5,6,1.0,0,125,low,0
0x01445326f7023b6c69eeb0eccbbac6797af3e76c,187,38,54.6408,74.9981,40323.3249,29502.2145,28652.8838,22440.9227,0.7316,0.9712,54,6,0.9698,0,54,low,0
0x0144c47df1cc4d52ff115f758918dc42a9db48aa,293,32,124.4548,4.5892,19881.7427,9832.8591,9764.3011,20045.3384,0.4946,0.993,49,7,1.0,0,210,low,0
0x014607f2d6477badd9d74bf2c5d6356e29a9b957,8,1,0.0271,23.4537,14.9136,2.0012,2.0012,4.8961,0.1342,1.0,2,2,1.0,0,315,low,0
0x0146a22337780c55e9d2af2f39139a6174fb828f,15,3,3.0598,101.7666,6960.5363,3538.9475,2782.4997,5462.2747,0.5084,0.7863,3,2,0.0,0,8,low,0
0x0146ef29dc977ea95328d9901a3c686e43b70953,2,1,0.001,23.5738,0.1119,0.0274,0.0,0.0,0.245,0.0,1,1,0.0,0,358,medium,0
0x01485557c2bc6e26c7187ff4cc38d5d9474405d4,18,6,41.7519,45.6671,3821.9878,3046.2125,3028.0888,3790.9323,0.797,0.9941,3,4,1.0,0,55,low,0
0x014930c2d8878759763f3ac2a492ff94073fd80f,28,11,19.9219,76.6391,8448.8156,4780.7724,4799.2084,19271.852,0.5659,1.0039,3,4,1.0,0,18,low,0
0x014bcbc7ab0eaa72688b91fc2063c50a0a38342e,2,1,0.0004,5.4699,0.2995,0.0502,0.0,0.0,0.1677,0.0,1,2,1.0,0,656,medium,0
0x014d8a9260da47dcf00113bd34482cceac881a9d,6,3,3.3837,76.9552,338.6724,74.1224,0.0,0.0,0.2189,0.0,2,1,0.0,0,81,low,0
0x0152667429adfd3ecd2dd6c3d3cfc1e669e67309,21,5,13.4704,9.1342,9337.3572,10207.9524,8630.0457,0.0,1.0932,0.8454,10,2,0.8416,0,406,medium,0
0x01532c3f785c5218b5595b0e13e3b20b6d501924,11,2,1.7983,69.2115,59.847,11.6437,0.0,29.9411,0.1946,0.0,2,3,0.0,0,111,low,0
0x01552561469172eb5910ac83b35f96c92bac63d0,15,4,7.7829,90.8952,17089.4515,11370.4795,11404.7281,17152.0558,0.6654,1.003,2,3,1.0,0,10,low,0
0x0158f2bc31131a627cb41b44e7ec4c8a7dbe0613,6,2,3.8032,80.3058,152.2136,56.1979,56.1979,152.2136,0.3692,1.0,1,3,1.0,0,37,low,0
0x015b0bb1bfad0437647e74776a7d649d2e3adebb,4,1,0.0013,136.7236,1628.2256,744.3425,744.3425,1628.2256,0.4571,1.0,1,2,1.0,0,4,low,0
0x015befb758090caf23caf09dcdc107426bb1f07b,18,1,0.0156,118.3102,4974.4852,1954.611,1954.6126,4974.4874,0.3929,1.0,3,1,1.0,0,5,low,0
0x015c78dd45b469a2ae94c93b426d283c2ee42849,2,1,0.0,115.7203,0.0297,0.005,0.0,0.0,0.1667,0.0,1,1,0.0,0,24,low,0
0x015fc0f9a30b6353b6ea191d7c4ba6c8aade92d7,2,1,0.0005,23.6315,0.0114,0.0057,0.0,0.0,0.5,0.0,1,1,0.0,0,379,medium,0
0x015fe88d0d4787574aaf5af64726252484365338,14,4,32.2655,48.9909,34.1691,10.2981,8.943,10.3395,0.3014,0.8684,2,4,1.0,3,805,high,1
0x0160afff7a7a824429a8202995d03239d2d418fa,187,54,69.8734,0.2268,509980.6856,495319.3738,301360.4012,147275.1337,0.9713,0.6084,57,6,0.9687,0,331,low,0
0x0161cd3a424b77adbc9f73d55dffaa1325ca9e4e,10,2,0.8287,104.1197,16755.082,11758.6805,11734.7407,28482.3122,0.7018,0.998,2,2,1.0,0,7,low,0
0x0161e9ea4f3aa829dd8721545c9d024ea4500258,2,1,0.0,109.6564,0.0625,0.005,0.0,0.0,0.0798,0.0,1,2,1.0,0,51,low,0
0x01623c98f9651095d600f2ecb45dfa1072fc9589,2,1,0.001,23.295,0.0114,0.0023,0.0,0.0,0.2,0.0,1,1,0.0,0,353,medium,0
0x01663114bff8c87677c61a4a20e62339cb15e58d,40,16,64.1501,38.3307,2018.8935,1292.826,240.2527,1143.881,0.6404,0.1858,6,7,0.1299,0,156,low,0
0x0166e394c5d12205464c2c6b3073abb04ebdfd3f,28,6,13.6646,121.749,594136.3053,218560.0272,154751.3357,430697.1383,0.3679,0.708,10,3,0.0,0,4,low,0
0x0167767e7ffabd6e9fe1f958535bf296622d4b21,71,21,119.8721,4.3779,69045.4154,38000.3941,26025.2759,28715.2152,0.5504,0.6849,19,7,0.6832,0,205,low,0
0x01680c4acff13811644c8ccb03227bd47d3fc208,2,1,0.0055,1.2973,0.0159,0.0023,0.0,0.0,0.142,0.0,1,2,1.0,0,676,high,0
0x0168459886bd2aa322c18ed0b209887095afcacb,25,16,49.9511,21.119,19831.4831,2983.2794,3089.6406,47085.1575,0.1504,1.0357,1,4,0.0,0,31,low,0
0x016a42b47b051be2946a35fb72774e00a7b8e820,42,19,65.8037,25.7343,3058.9014,2509.3722,1510.479,1451.802,0.8204,0.6019,9,5,0.6024,0,155,low,0
0x016a5af54b2a9832ce8a594d3fc5af64ebd386f7,2,1,0.0044,30.9553,105.9201,14.9643,0.0,0.0,0.1413,0.0,1,2,1.0,0,497,medium,0
0x016a6738cdf51365f2f5e30c82931553e0a93262,35,15,59.6799,0.4322,404.9954,76.3891,25.8884,75.8272,0.1886,0.3389,7,4,0.6042,0,426,medium,0
0x016d10f16e862eea0be1fdeb1dbba0bbd7f44078,29,15,34.2193,75.9107,310.799,234.9141,160.7243,205.6246,0.7558,0.6842,6,2,0.0,0,23,low,0
0x016d4da7c7cd614cd50149a373873ff090b9782e,2,1,0.0004,23.6396,0.0227,0.0114,0.0,0.0,0.5,0.0,1,1,0.0,0,379,medium,0
0x016e9e2497544790d71411911b187cbd26b43458,6,3,23.0438,23.4809,2.0173,0.0,0.0,0.0,0.0,0.0,2,2,0.0,0,350,medium,0
0x01708df7ee281fe5a8bf6a967b4fd8df8623e98b,50,5,35.3394,16.2114,29517.1301,23278.3827,23426.5587,29603.8572,0.7886,1.0064,15,2,1.0,0,136,low,0
0x0170a247571e889d011327477b751f2e42c5baa4,2,1,0.0007,3.4203,0.0014,0.0001,0.0,0.0,0.065,0.0,1,1,0.0,0,497,medium,0
0x0170de25446302e7ff2e3093c6b77350dfd2b643,4,1,0.0117,7.3332,14.5975,0.9608,0.9608,0.0,0.0658,1.0,1,2,1.0,0,478,medium,0
0x017184a0829a54746706654e86eb7a6c5cafbf90,14,5,13.4593,72.7457,560.4463,209.3163,105.2038,105.2038,0.3735,0.5026,3,4,0.8385,0,78,low,0
0x0171ed588582d1df472015623dcb426d0a1de431,24,9,67.5304,11.8082,36443.1687,20405.1651,16714.3165,8768.2707,0.5599,0.8191,9,5,1.0,0,221,low,0
0x01750c374d9fae78ca0dd39a0f4f0f4fec06181c,29,5,22.4344,60.339,6006.0078,2890.2516,2886.2564,4312.3503,0.4812,0.9986,5,5,1.0,0,61,low,0
0x0175b32dfc64088fe25f8a4d6291caa7ef5b909d,2,1,0.0006,23.4259,1.1303,0.2261,0.0,0.0,0.2,0.0,1,1,0.0,0,375,medium,0
0x0175c38d00a114bd29fbcaf832e7b1a21033644c,30,19,98.7199,25.8275,249938.1766,109935.8054,6820.2525,4528.715,0.4399,0.062,6,5,1.0,1,279,low,1
0x017715b9a71dabed2ddae0bbbb6b0896509c8212,6,3,12.6606,74.65,1663.2035,1201.0388,0.0,1451.278,0.7221,0.0,2,2,1.0,0,73,low,0
0x01771a278c3fab69735aaeb38872469489e7716d,18,5,10.9321,73.7087,935.2509,765.4341,768.3782,1069.7996,0.8184,1.0038,5,3,1.0,0,45,low,0
0x01784fd2a696eec23f901b9a5d9762d5e8d10af3,100,34,120.4348,0.5178,514652.9138,496373.69,207160.0869,190198.5667,0.9645,0.4173,35,6,0.5685,0,201,low,0
0x0178e892ccb5ab71c7b1727fe7e50f317b0494b1,261,47,56.4264,0.1088,817638.2938,207204.6344,122712.7601,95089.507,0.2534,0.5922,95,8,1.0,0,602,medium,0
0x0179e2f40016671fe0326ef241d0178ffbbe9e94,14,5,49.4582,60.0341,110846.2749,21570.7945,0.0,0.0,0.1946,0.0,5,2,0.0,0,94,low,0
0x017af4481e13023209f6c15f6cfdefff3c695534,19,10,45.4163,36.318,35997.7745,20273.6206,0.0,0.0,0.5632,0.0,12,3,1.0,0,412,medium,0
0x017b3763b8a034f8655d46345e3eb42555e39064,13,4,2.1475,77.6179,141505.4812,41297.5577,20215.0751,142831.3403,0.2918,0.4895,4,3,0.0,0,22,low,0
0x017b4cca058ecf79937066adf44ddfa249a620fd,250,74,88.9347,0.5174,135508.5162,198085.7044,170638.2644,308413.2838,1.4618,0.8614,37,8,0.9704,0,227,low,0
0x017b69d5d9325f15c278a658a619a49bdb4d6665,47,6,62.8641,2.0334,4092.4166,3094.5476,3285.0202,4365.8822,0.7562,1.0616,13,2,1.0,0,177,low,0
0x017b93259518cc28f53284ec81f7084575ba8699,4,3,27.4626,64.7734,10.0209,7.0213,6.9784,9.9624,0.7007,0.9939,1,1,1.0,0,48,low,0
0x017c3ce152fd7d144cf74cc87e1d7c7cf15928c1,2,1,0.0002,23.5968,1.0066,0.1007,0.0,0.0,0.1,0.0,1,1,1.0,0,463,medium,0
0x017c4d3aff4d726da43846579fe49c3646abd6a6,9,2,2.0325,73.4114,3499.01,995.6398,999.8086,3158.4732,0.2845,1.0042,2,2,1.0,0,29,low,0
0x017c536b11211d47ff4752c141f1e62ea16a4a5d,124,33,110.2925,1.5661,48638.3417,45557.3768,32995.2163,43850.2371,0.9367,0.7243,39,8,0.6681,0,330,low,0
0x017d08868e2ddbf4d2b28171457c1ce6976fe212,62,27,81.9565,29.8525,6827.9451,5080.781,4787.8792,5056.1758,0.7441,0.9424,7,6,0.9163,2,431,medium,1
0x017d0b1933cc52fbb03bf16e5e1041f7179eda71,2,1,0.0,110.287,0.0366,0.005,0.0,0.0,0.1371,0.0,1,2,1.0,0,51,low,0
0x017d0c0429922121cf25b4abe519d64b953b9b72,2,1,0.0058,3.0871,0.0014,0.0001,0.0,0.0,0.095,0.0,1,1,0.0,0,504,medium,0
0x017d8a64a8cfc0e15d20bb9aa7a86165b784a4d2,4,1,0.0011,114.1656,4810.9431,500.0555,500.0594,4811.0192,0.1039,1.0,1,2,1.0,0,9,low,0
0x017e019d6344b47854635ee87f728831260c87b5,40,4,9.0312,76.5397,608.1551,490.7339,489.7795,607.9357,0.8069,0.9981,12,3,0.9992,0,61,low,0
0x017e2a9de4d669a21084a6d2014b38a5e2863643,9,1,0.0122,81.5,513.3961,245.8498,0.0,0.0,0.4789,0.0,3,4,0.7188,0,171,low,0
0x017f1e8b5ef8d86d279ba8ae5120694006a18001,6,2,22.5349,90.1788,4521.9621,3519.2419,3502.3918,4500.3994,0.7783,0.9952,1,1,1.0,0,7,low,0
0x017f9dc0e2d0a123bf03a3c7ec27f898b70d8ded,141,29,98.2795,32.6728,10343.4372,2920.9154,2912.2339,16252.1514,0.2824,0.997,28,8,1.0,0,161,low,0
0x017fe812df7bea272511a47955099a9e8d20282e,10,4,3.9813,75.0943,16533.9032,10023.6824,6031.7494,11936.0942,0.6063,0.6017,3,4,1.0,0,49,low,0
0x017fe9a4c15da854133d4fd220948ac084f8ae14,3,1,0.0808,45.5723,94.9071,12.362,0.0,0.0,0.1303,0.0,1,1,0.0,0,222,low,0
0x0180a2047666c6e8a99e6c9a8d001bbc47208df5,2,1,0.0,110.3299,0.0605,0.005,0.0,0.0,0.0832,0.0,1,2,1.0,0,50,low,0
0x01812580ff18cdaa3e9b3cdaa81496cd98d3f56f,237,62,91.6555,0.8591,24506.3461,12990.4822,11410.2915,25579.6268,0.5301,0.8784,27,8,0.9652,0,251,low,0
0x0183a86573f2daf8f5d1f31b9d3c82631345630f,2,1,0.0,115.3772,0.0298,0.0046,0.0,0.0,0.1548,0.0,1,1,0.0,0,24,low,0
0x0183b5764427bc889109b2d2039690e1d90987f9,2,1,0.0044,22.611,1992.1391,605.6103,0.0,0.0,0.304,0.0,1,2,1.0,0,501,medium,0
0x0184df2afb9845c27504419ac7d5efccae41b951,12,5,81.8598,13.7871,7867.1094,4002.6513,1002.3473,2513.071,0.5088,0.2504,4,4,1.0,0,210,low,0
0x018650dae189c5083dcbec8ae1edcf8b83e08380,19,4,16.5975,71.8355,6004.9255,1204.2749,1202.7854,6003.2574,0.2005,0.9988,2,3,1.0,0,22,low,0
0x0186d975cfe19772e58f4d314a52984b31a2cbeb,116,23,103.0557,12.788,577977.5472,430308.4481,354646.1284,509145.8203,0.7445,0.8242,29,6,0.9327,0,122,low,0
0x0187cd7fa0f5f10661e12be1538611de29bc6f77,12,2,2.8919,116.5955,426.2897,206.6102,3.0026,339.785,0.4847,0.0145,5,2,0.0145,0,22,low,0
0x0188470b85e116ba8a7a42a71a8d67229f44e7ad,11,5,21.6801,0.9085,637.1903,142.9499,0.0,0.0,0.2243,0.0,3,4,1.0,0,717,high,0
0x0188f96b20d00a3ab9d19b8aa91988b720294ce3,2,1,0.0065,1.297,0.0159,0.0023,0.0,0.0,0.142,0.0,1,2,1.0,0,676,high,0
0x01894ddf668719ae49d364e6c77d21cfa3926ac6,6,4,52.5403,47.5993,0.2317,0.1085,0.0,0.0,0.468,0.0,2,4,0.0,3,883,high,1
0x018ba7d4c044254f4ae94652b09c790baf7db3ca,31,9,67.8052,44.656,28363.4375,32729.0082,27049.8928,33065.6629,1.1539,0.8265,9,5,0.8262,0,65,low,0
0x018bde66f5b0a1a992a40d6f75dee3c5a29f25c9,2,1,0.0,112.6571,0.0535,0.005,0.0,0.0,0.0939,0.0,1,2,1.0,0,47,low,0
0x018bf5774c55789146bac375e052f826294ecb06,6,2,3.0127,101.0649,301.6461,183.9419,183.4166,303.1741,0.6098,0.9971,1,1,0.0,0,7,low,0
0x018e1ba194311b98a6e92b6b2650ed2dd4a90cf9,4,1,0.0008,133.2444,2390.5432,696.6551,696.6551,2390.5432,0.2914,1.0,1,2,1.0,0,4,low,0
0x018e2339fe910022db81f0df861ff792d406cf3d,87,29,107.9886,15.9374,17650.6986,18170.894,13656.3976,26328.6033,1.0295,0.7516,18,7,0.8031,0,156,low,0
0x018ed52cf0254857c3d2cd4ad06a673c56eca644,141,36,69.9224,22.9097,59052.1316,48201.3638,44074.232,46339.8751,0.8163,0.9144,22,5,0.0009,0,69,low,0
0x019218cb876c7e22a903ca74c0b62ec90344920d,28,3,43.8331,13.3363,5295.9152,3990.1723,1110.2068,1110.2068,0.7534,0.2782,11,3,1.0,0,345,medium,0
0x019271b315e55cd40d409ef21ede9c3b61646736,25,3,3.3999,80.1289,266.0396,169.5205,106.9156,235.7552,0.6372,0.6307,6,5,0.6338,0,87,low,0
0x0193caf8a49dba421bca7d16eebd0e7dff9c559b,3,2,4.6692,83.032,835.2192,72.7703,71.4378,0.0,0.0871,0.9817,1,2,0.0,0,39,low,0
0x0194d076503771b976a062c4cde310b13d3e9960,42,25,98.0458,12.9541,797466.5336,190738.2202,176083.5467,169305.0717,0.2392,0.9232,3,6,1.0,0,45,low,0
0x0194f6b2cd2061b50169ee2c81cd95f982cc0a05,12,5,62.3095,21.87,274.435,80.0293,80.0071,85.0475,0.2916,0.9997,4,2,1.0,0,145,low,0
0x01952760a2f72cfa13b3557b6e015b40126961c0,53,7,16.8673,24.9708,27177.0865,4199.3444,4246.9365,31080.1731,0.1545,1.0113,5,5,1.0,0,135,low,0
0x01952b83f4fbb1fdd4bf11087638f0821175f7b4,21,7,79.7398,1.7395,1342.9051,210.0608,210.2906,1649.916,0.1564,1.0011,2,6,1.0,0,210,low,0
0x0196745e37b3e8ddb99be16b065bb482768ef3d2,10,4,66.9114,45.3067,19.9257,5.3417,0.0,0.0,0.2681,0.0,2,3,0.0,0,137,low,0
0x019712e01e25a3dee2e11dc8a8de84afb0015401,131,37,118.7347,8.7047,458.5989,306.9626,302.6904,2645.2617,0.6693,0.9861,17,8,0.9864,0,226,low,0
0x0197295055068f266f8654ef428a91239839c2d5,13,4,7.7212,122.152,42003.6176,2509.8251,2504.9063,42074.3988,0.0598,0.998,1,2,1.0,0,3,low,0
0x019761d78f2f14ef6a498d245fca15ef5ab121c8,9,2,2.2401,0.4483,37.8344,29.7139,0.0,0.0,0.7854,0.0,4,2,1.0,0,742,high,0
0x0198662302a3d7395714600e885d2ddf87c2f839,2,1,0.0,113.685,0.0534,0.0054,0.0,0.0,0.1008,0.0,1,1,0.0,0,25,low,0
0x0199a54ad38f4d55b3819517d3fea232ae33f673,41,17,109.915,0.568,542980.4436,393662.7357,87367.9891,339743.4048,0.725,0.2219,8,5,1.0,2,593,medium,1
0x019b00a4c8bf5a4a75d7be5a498f2d41e6bf41f2,44,16,80.9802,0.5955,91123.4294,50469.0861,50115.3037,139201.991,0.5539,0.993,6,8,1.0,0,198,low,0
0x019c429038894a1656ae2e9399769662bb4899d0,2,1,0.0061,1.2974,0.0159,0.0023,0.0,0.0,0.142,0.0,1,2,1.0,0,676,high,0
0x019c829ea5392cedae3c91027c171420798ff9cf,2,1,0.0,114.3934,0.037,0.0043,0.0,0.0,0.1152,0.0,1,1,0.0,0,24,low,0
0x019d10463c5c800b84d6527e112e131109611527,4,1,0.0003,124.3874,16494.0778,5711.92,5711.92,16494.077,0.3463,1.0,1,2,0.0,0,3,low,0
0x019d239a36a4fd4828253e8eccadd1dd2d0dd147,10,5,77.8801,0.7069,6193.6767,3039.4349,372.0095,774.6979,0.4907,0.1224,3,3,1.0,0,278,low,0
0x019e3d65ade821fded83b438cd1b8626208c48d3,10,5,20.3075,11.1059,2057.7686,1170.9449,0.0,0.0,0.569,0.0,4,5,1.0,0,713,high,0
0x019ea1afabcbd84d922043c4261052a583315d2c,143,33,111.0592,0.7417,400089.1941,287442.1773,178720.7469,37478.8697,0.7184,0.6218,60,7,1.0,1,631,medium,1
0x019ed608dd806b80193942f2a960e7ac8abb2ee3,10,4,65.8663,72.3205,3828.729,1885.4937,238.5588,478.9316,0.4925,0.1265,2,3,1.0,3,497,medium,1
0x01a0f8f364c2fec07cfcdebd2980da3f950d0410,106,37,73.559,61.0783,2605196.4998,510114.8736,511058.2952,2414692.4366,0.1958,1.0018,14,7,1.0,0,22,low,0
0x01a10e5ada8f1c1117f185493a0bb4f299f7b8c0,7,2,55.9543,32.1902,99.6566,30.8935,0.0,100.3931,0.31,0.0,1,4,0.0,0,166,low,0
0x01a1c554806b5754fc768fb6037631e3842dab5d,2,1,0.0011,23.6258,0.1014,0.0051,0.0,0.0,0.05,0.0,1,1,1.0,0,431,medium,0
0x01a1c72bf9547d1e6abd8486ae3cad64e781cd7c,4,1,0.0083,23.4773,0.0134,0.0052,0.0,0.0,0.3841,0.0,1,3,1.0,0,521,medium,0
0x01a1ef4a64f8c25ac6e4913512dabac382fd2954,151,46,85.2416,10.7818,27805.3304,40199.2623,39928.967,24801.1999,1.4457,0.9933,47,5,0.9933,0,200,low,0
0x01a2e7fe230a34bf74e7c850d1244c70ff928024,50,7,40.3222,28.092,6559.0017,4663.0182,2605.2055,4360.5814,0.7109,0.5587,15,6,0.6029,0,282,low,0
0x01a3a71580b17d1c567d577a66b28c48e42a43c3,7,2,32.8171,81.174,14119.0101,10085.0072,10056.0045,14061.5522,0.7143,0.9971,1,1,1.0,0,7,low,0
0x01a4615315104084dcaaec9a847e90ce5cfbf8ea,4,1,0.003,89.0871,96.3141,7.913,7.9139,0.0,0.0822,1.0001,1,2,1.0,0,53,low,0
0x01a4f75344f665629c714f6623b784509159d4bc,13,2,0.6767,88.2972,1725.227,230.0299,230.0302,1722.4215,0.1333,1.0,2,3,1.0,0,25,low,0
0x01a580e1370e798c48abda6b2f605035f2127d5c,253,42,80.1111,4.3814,55624.4075,49587.7654,43441.0278,46131.8564,0.8915,0.876,51,8,1.0,0,358,medium,0
0x01a71e7b07cbe684439eb0570a93055af7c15b57,2,1,0.0,116.3543,0.0259,0.0048,0.0,0.0,0.1838,0.0,1,1,0.0,0,23,low,0
0x01a762e99a74132ff61cebd92262fc54463320e5,124,41,46.3998,2.1445,38120.4849,3712.9834,2263.4331,35732.3816,0.0974,0.6096,5,6,1.0,0,187,low,0
0x01a97118d81e6ccd319a27dbfad2b601774399d2,2,1,0.0008,70.2512,0.6902,0.3094,0.0,0.0,0.4483,0.0,1,1,0.0,0,115,low,0
0x01aa66f23e42842d771cf46e6293af4ed04c90bd,120,37,106.9362,25.2201,504054.6545,231057.3029,210157.4164,1035495.8735,0.4584,0.9095,27,5,0.9082,0,52,low,0
0x01af1eb57b3489cea12ea3d8ebbae1c3eeb0658e,18,2,29.0377,76.1873,21377.4709,84217.1532,146630.3628,237431.1805,3.9395,1.7411,3,7,1.0,0,20,low,0
0x01af4808da010aad7b2c977f51508a1402c8cbbc,114,14,16.4068,129.0018,292665.1246,237463.4336,233915.0463,303186.6402,0.8114,0.9851,20,5,0.9854,0,5,low,0
0x01af60b03e2b9cbf947568552462f9182b959db0,24,3,23.1366,45.7607,74289.5673,59101.3387,7732.827,7732.827,0.7956,0.1308,10,1,1.0,0,102,low,0
0x01b06d543b68067f7d78427d651b1190c10e0456,4,1,0.001,133.7561,1445.1648,711.7843,711.7843,1444.6189,0.4925,1.0,1,2,0.0,0,3,low,0
0x01b19a62cba8bbc553b0137257f72371c826c403,12,2,62.6019,22.2331,317.9275,197.5365,197.3764,315.782,0.6213,0.9992,2,2,0.0,0,56,low,0
0x01b27aeaa3b67577609538155d637b08f0779069,23,5,7.9116,77.0698,9867.2609,7036.8905,4952.6284,10682.7684,0.7132,0.7038,6,5,0.4273,0,47,low,0
0x01b3b5ae37f70e6540abc2667fec68c19b2e7a1d,77,31,58.3651,72.1636,841165.8291,495852.8854,499231.384,556374.5161,0.5895,1.0068,19,8,0.9599,0,36,low,0
0x01b3bd82da83c842d8220c8fef9358abeffd537e,4,1,0.0022,105.5134,7460.4561,704.8505,704.8505,7501.0906,0.0945,1.0,1,2,1.0,0,11,low,0
0x01b3f02ff86fca973084faa9e4e24014c1dfcb8f,87,16,101.1629,23.9307,114045.7807,87542.9685,87268.1231,149461.8742,0.7676,0.9969,20,5,0.9952,0,72,low,0
0x01b44fd30ad33b88d0ebe0e22faa52cfe0f8ae7e,2,1,0.006,1.2969,0.0159,0.0023,0.0,0.0,0.142,0.0,1,2,1.0,0,676,high,0
0x01b572c14af90297b04955659cf86aec87dad0b2,4,1,0.0004,111.7204,1261.2681,299.722,299.722,1261.2681,0.2376,1.0,1,2,1.0,0,10,low,0
0x01b5b2eec95743ff4401a55b06db72bdf6afa0e1,163,47,81.2283,6.1843,26052.8272,23894.6567,18067.1493,26369.6165,0.9172,0.7561,43,7,0.6886,0,315,low,0
0x01b7baa7baa864fef3cd1c7bc118cc97cedcb33f,2,1,0.0034,23.549,111.9181,33.5754,0.0,0.0,0.3,0.0,1,1,0.0,0,375,medium,0
0x01b8674543a3480a6a4c44014d226b27db2d65db,2,1,0.0038,34.2061,34.5856,4.9961,0.0,0.0,0.1445,0.0,1,2,1.0,0,477,medium,0
0x01b8884b83882069d08c86b053bb1027d04dce96,4,1,0.0008,132.4783,1922.2785,702.8205,702.8205,1893.0193,0.3656,1.0,1,2,1.0,0,4,low,0
0x01b89af143b8f2bb80f9ac13d60e7e9e01d85798,4,1,0.0011,141.3559,102.6635,28.6463,28.6463,102.7977,0.279,1.0,1,2,0.0,0,4,low,0
0x01b8f7ef9c12841ca94ee6652f0d5e9646a1168f,180,84,98.0794,0.8687,37339.357,8009.3013,4212.8031,2332.446,0.2145,0.526,1,5,1.0,0,26,low,0
0x01b92f893b1c302bcf1945fd4edf10df99b4f181,8,3,43.9523,32.2704,2.6111,681.1193,1369.4613,3322.631,100.0,2.0106,1,3,1.0,0,89,low,0
0x01bb8b57808786461b7db3dd5975280f189307a3,2,1,0.0065,1.2972,0.0159,0.0023,0.0,0.0,0.142,0.0,1,2,1.0,0,676,high,0
0x01bbec9408cf03e8188f44f12636b63e8faba019,11,7,71.2818,7.8614,721.9407,402.5036,0.0,0.0,0.5575,0.0,4,4,1.0,0,536,medium,0
0x01bbfe5ce152b22eccde7698a24e86012a5f75e3,95,37,105.5334,20.4349,53936.6875,43411.9872,23366.8729,22385.9513,0.8049,0.5383,24,8,0.6631,0,198,low,0
0x01be938672471bbb0fa1dfd223dd2aad2e389559,7,1,0.0082,79.4091,1778.0237,790.2327,794.4153,1787.2984,0.4444,1.0053,1,1,1.0,0,16,low,0
0x01c5c4ca74a665e40e96ed8ff221500b6366b8a6,350,61,91.2757,2.0091,183646.2152,106444.4135,63097.1458,230758.8774,0.5796,0.5928,40,8,1.0,0,250,low,0
0x01c5c9f1b50986663d545b474b3acbf9e1b25c51,21,3,2.9147,76.5539,2630.0803,1289.8181,0.0,1273.2526,0.4904,0.0,7,3,0.0,0,88,low,0
0x01c60af7f7193370a9447a12c885427cb94f21e6,24,10,53.0952,76.5148,9990.5495,4640.9743,0.0,3399.0852,0.4645,0.0,6,4,0.0,0,43,low,0
0x01c717a8e3558ca44d473a5882e938572f1f7d93,20,12,46.0232,44.0176,26835.2777,6191.1462,3478.4912,6979.7094,0.2307,0.5618,5,4,1.0,0,90,low,0
0x01c7602892dda14261fdd4ae9c6b590ae65d3256,9,7,38.2203,0.1124,328.4131,186.931,0.0,0.0,0.5692,0.0,2,3,0.0,0,469,medium,0
0x01cb1826cd50f7f15626a1283ae812ad0a273388,188,62,63.4235,0.1853,227008.6848,95536.2492,5554.617,213.2339,0.4208,0.0581,8,5,1.0,0,192,low,0
0x01ce064bf433bb179791260c080630fe63684eac,23,6,7.1694,85.833,572.421,387.1979,210.7707,323.8432,0.6764,0.5443,6,5,0.5432,0,67,low,0
0x01cf15d50e91ea8731572a07afbf782233339ad7,100,16,77.9899,6.7209,3776.3233,1590.0792,1230.8853,2590.5165,0.4211,0.7741,17,7,0.9618,0,349,medium,0
0x01cf5fff6ee551a7d3fdbb32c6a8ad9ef31c4829,5,2,19.8067,22.0443,203.4741,117.6916,117.2247,100.9129,0.5784,0.996,1,3,1.0,0,185,low,0
0x01cf7991cf4d37a762bffa9d74bd9b46d124d371,33,23,72.8517,19.8899,259723.0601,409800.0052,361167.734,206918.025,1.5778,0.8813,4,2,1.0,0,27,low,0
0x01d17d9fdf660f9c79d9feefa2b9a4b71a32a9b6,19,7,62.3533,60.867,1050.1033,670.5737,224.4163,716.2806,0.6386,0.3347,5,4,0.0,0,50,low,0
0x01d2f11ad6668e28ce07da387d08bedd57f4a85a,4,1,0.0056,16.0629,591.3667,325.7293,0.0,0.0,0.5508,0.0,2,2,1.0,0,583,medium,0
0x01d37cdae14bc9e2e10b6a71a0c72998f44e225c,4,1,0.1549,123.1346,3063.3022,404.4968,399.8212,3254.9389,0.132,0.9884,1,2,1.0,0,7,low,0
0x01d3c79e4d3b314e43afa00e111dc07e2073e349,21,10,25.1639,7.0333,202.7387,70.9282,3.5573,2.145,0.3499,0.0502,7,4,1.0,0,686,high,0
0x01d43fcfb3a9e93be5344d1011162d548db936c3,64,12,19.056,75.9566,78489.1519,53252.1565,49447.2709,81216.2971,0.6785,0.9285,13,3,0.0,0,15,low,0
0x01d4de1128e47b400187cd81a5cfae97a6e55bf1,12,3,5.9481,76.0715,1372.1477,649.3432,650.516,1415.7546,0.4732,1.0018,2,3,1.0,0,30,low,0
0x01d56c115f9afd657dd4eeb9ece38d6cf73975d6,28,1,0.0237,108.2307,361.2166,260.2944,260.486,360.9654,0.7206,1.0007,7,1,1.0,0,13,low,0
0x01d616e83175a410b31253ffa1f78ccb3884fddd,57,24,50.4337,90.5056,53582.1186,10406.8755,3311.5592,1484.1637,0.1942,0.3182,17,3,0.3159,0,23,low,0
0x01d83a95e445a001194ab79a4d7cda5acfcf6dc1,4,1,0.0022,106.6527,11009.4594,3196.1485,3196.1485,11009.4594,0.2903,1.0,1,2,0.0,0,5,low,0
0x01d9816465ee701cb650edf27de69b02fa272454,8,2,1.376,110.9734,19.2165,12.0757,16.0658,25.5458,0.6284,1.3304,2,2,0.0,0,9,low,0
0x01daab3d40bdda5b8125c4aecbaef6ee2f262efa,180,56,75.0808,61.7082,515538.0053,181994.4542,181805.5587,289800.752,0.353,0.999,33,6,1.0,0,29,low,0
0x01dd5d5d0b0bb5bf8dbf7e6d6d8a711578534a58,6,1,0.1497,124.8135,1213.7172,207.8498,207.4671,0.0,0.1713,0.9982,2,2,1.0,0,14,low,0
0x01de22e803cd36ef6a998bff17354ac530311e08,9,2,12.965,80.0364,15420.0746,7107.0675,0.0,0.0,0.4609,0.0,3,2,0.0,0,68,low,0
0x01dfc8d38640393a0a4d5f6f3b1f6cec158abf21,7,5,15.0328,75.2658,575.1393,120.9084,0.0,207.9494,0.2102,0.0,2,3,0.0,0,75,low,0
0x01e0991d5803659f581a670f955b3079e419be3b,4,1,0.0138,36.6552,104.0777,40.2902,39.8704,0.0,0.3871,0.9896,1,2,1.0,0,193,low,0
0x01e156b9378aaaf9215cc50f0e6b1ead24fff6b0,10,2,1.6731,86.8858,1574.793,909.5426,0.0,0.0,0.5776,0.0,5,1,0.0,0,74,low,0
0x01e198818a895f01562e0a087595e5b1c7bb8d5c,51,14,103.8864,16.978,101436.4801,262.1298,0.0,330423.1139,0.0026,0.0,13,6,0.0,1,682,high,1
0x01e21477fc4a6395ca9b6873c014a1c7181158e1,16,2,4.6856,72.6823,2598.0267,1005.2582,1002.481,2596.49,0.3869,0.9972,2,2,1.0,0,22,low,0
0x01e4ac55758ba9f93d28aeb4f3922b6a7905aaed,4,1,0.0107,74.0322,0.0,31748.5594,63497.1397,44234.9618,100.0,2.0,1,2,1.0,0,9,low,0
0x01e62987e05a45c8c304afa015d4fc3cdfcb944b,19,6,14.6442,108.2859,2020.4308,958.2221,0.0,41117.5543,0.4743,0.0,6,3,0.0,0,21,low,0
0x01e6f806b2d34a64bbd982731f49fe6babbed7b7,4,1,0.0009,134.3119,5181.86,1499.3251,1499.3251,5181.86,0.2893,1.0,1,2,1.0,0,4,low,0
0x01e6fd0ae73d9194b19f9b376065577927a0d5f5,19,6,50.7409,99.9677,9145.9907,1950.1493,0.0,3221.7284,0.2132,0.0,3,5,1.0,0,30,low,0
0x01e859c314e9ae31bbd455affaa2a54ce3f3019e,83,13,32.5132,49.1137,3970.2713,1495.8932,20.0143,3102.8606,0.3768,0.0134,24,6,0.8392,0,338,medium,0
0x01e91f9f5612d156f617474a8c231fa3eda78f56,23,15,111.3711,1.9165,5683.5599,3563.0153,3475.466,3601.6234,0.6269,0.9754,2,3,0.0,0,35,low,0
0x01eacf1d1ccf7f656fda1b95beafdb3c7fc396a7,63,12,70.752,49.4115,12232.2831,9384.6046,8918.4108,10530.0969,0.7672,0.9503,17,4,0.9418,0,56,low,0
0x01ebce016681d076667bdb823ebe1f76830da6fa,279,66,127.1656,0.0851,244406.0794,107372.3677,47389.7434,299866.1758,0.4393,0.4414,55,7,0.3491,0,179,low,0
0x01ec73e85387403880b4e3bec129011d705597a5,8,2,1.9557,77.0833,2001.9912,1494.3287,1491.782,3483.1495,0.7464,0.9983,2,2,1.0,0,25,low,0
0x01eccdb2d737b7a41f7aa4ee4358be8304b15588,49,4,37.4252,52.003,9180.601,5138.7435,4141.3962,8671.3813,0.5597,0.8059,8,4,1.0,0,61,low,0
0x01f0445e1b716a459c6ebe591396fd39a7bcf0ef,2,1,0.0002,20.022,0.1463,0.0146,0.0,0.0,0.1,0.0,1,1,0.0,0,372,medium,0
0x01f0592d70220b0bc1802d27d90c22ff40dd7161,74,19,30.2868,54.3838,371422.9523,602.1225,599.1244,325220.4588,0.0016,0.995,1,5,1.0,0,35,low,0
0x01f0e6c7770fb8b2f5cc4192ac01fed4169939a2,21,9,11.4796,0.2207,561.344,98.9141,57.3027,57.3027,0.1762,0.5793,1,2,1.0,0,248,low,0
0x01f39cba6f6ca1cbe205655f397db9abc6cb05ef,3,2,0.6897,17.1374,14.3602,417.3477,417.3477,0.0,29.0627,1.0,1,2,1.0,0,489,medium,0
0x01f3f3f49de0fc38bdf70e8c941d972cdf870a82,5,2,6.0422,81.1704,1923.765,249.4952,0.0,0.0,0.1297,0.0,2,1,0.0,0,75,low,0
0x01f53288c7cc98c053efeef23ba660ef2493f646,27,5,3.4303,71.4712,6.1241,2.8718,0.0,0.0,0.4689,0.0,10,2,0.0,0,184,low,0
0x01f562afdd11c353a9b56028b2a34d2bbbde4b14,91,42,78.5337,1.1071,90634.0721,52207.0193,35270.5908,38894.8372,0.576,0.6756,29,4,0.97,0,225,low,0
0x01f62341f6eb0b03584fca08c165aee0312b1084,106,16,37.1101,41.7225,399.3433,304.5375,305.2119,394.8911,0.7626,1.0022,30,7,0.9594,0,326,low,0
0x01f653058536d36bac0b16b90075f1f2acd83f4f,2,1,0.0006,23.5892,0.0227,0.0114,0.0,0.0,0.5,0.0,1,1,0.0,0,380,medium,0
0x01f73f5a9da9f2989d9c3933a4b99d080324a91e,10,4,6.8418,72.2358,139.9783,37.1698,17.6839,1.003,0.2655,0.4758,2,4,1.0,0,128,low,0
0x01f890b15fc99eccfb75b97c6fa0da97deef966e,60,6,5.5654,76.9014,31467.0651,16265.9887,12562.3724,27100.2543,0.5169,0.7723,17,7,1.0,1,269,low,1
0x01f9605611b8490c0c70f40979c61b21dc1b6f3e,4,2,0.7588,30.348,513.5905,391.5461,399.5724,512.8399,0.7624,1.0205,1,1,1.0,0,106,low,0
0x01fb51f8a664f0f2b7cf8f6eee89f7c1b7e05ba1,7,6,36.7164,44.3298,141884.6818,32053.8699,0.0,0.0,0.2259,0.0,4,4,1.0,1,624,medium,1
0x01ff3a6ae27f59ac1a706568749aac2632520008,6,3,47.9418,50.4436,1242.0407,575.5609,0.0,620.5397,0.4634,0.0,2,3,1.0,0,137,low,0
0x01ff899667efd1331384da95697dd2e6fc17c188,7,5,32.4023,6.9042,30830.2632,5961.2512,0.0,10535.893,0.1934,0.0,1,3,1.0,0,296,low,0
0x02011525ccae23e3593bfe8ecc18f716c9e67438,12,9,19.7247,64.9307,3381.1781,753.6548,500.4139,0.0,0.2229,0.664,2,3,1.0,0,74,low,0
0x020245ea7a029bcfc193b0819cbfca6e96675e95,109,46,98.4002,11.1516,9087.2376,7523.6161,3951.4273,3284.6555,0.8279,0.5252,21,7,0.9587,0,262,low,0
0x020265bc7ecc8b018c496f8bc4c6aa3ed1784e5a,29,8,81.235,14.6334,56767.7287,32062.1557,25032.4878,26441.601,0.5648,0.7807,6,5,1.0,0,118,low,0
0x0202ef0ff22c58039de970c4460c9ebd2ed6b309,63,17,84.0555,2.3968,356.3989,152.962,111.8486,270.7595,0.4292,0.7312,7,7,1.0,0,347,medium,0
0x020421af918192bb67d35e9ff8caeb692bf4d196,5,2,1.4229,75.7433,27.3827,0.0001,0.0001,32.7735,0.0,1.0,1,3,1.0,0,98,low,0
0x020793b7db7551b1d70877579370096b3db0db07,242,39,75.5263,49.823,197481.2186,111006.3789,111294.1636,172589.5934,0.5621,1.0026,55,8,1.0,0,98,low,0
0x0209707c0d22fdf56004f99d141df2e4a93ff21a,27,6,4.7782,119.4192,6523.7578,6118.4394,0.0,14923.9926,0.9379,0.0,6,4,0.0,0,17,low,0
0x020989d06ab6d1900d1152ea3fb4a756e3ec096e,23,8,9.961,109.3285,6553.4038,2006.4907,2003.2041,8402.5922,0.3062,0.9984,4,4,1.0,0,11,low,0
0x020aa5bec1a613a41519421058cab6196db88cdb,3,1,0.0636,8.0528,5.9893,0.5671,0.0,0.0,0.0947,0.0,1,2,1.0,0,652,medium,0
0x020b1d7007c0d7c42fdb22ed5c31590ccab0c402,4,1,0.0024,131.1361,1390.5068,599.5915,599.4112,1395.6096,0.4312,0.9997,1,2,1.0,0,5,low,0
0x020be4338b750b85c73e598bf468e505a8eb76ea,9,3,23.5744,63.5429,286.8309,16.0516,15.9936,0.0,0.056,0.9964,3,2,1.0,0,113,low,0
0x020d56e549db2ca35fac74118b28f159500701c0,30,8,60.0463,12.9148,3772.8677,5881.4202,6858.5677,5336.1776,1.5589,1.1661,8,5,0.7926,0,179,low,0
0x020fdc5da72fc36e81a5cbbee9baa451cacc9f8c,10,5,8.3655,66.6216,0.0,340.853,530.9224,790.0651,100.0,1.5576,2,4,1.0,0,101,low,0
0x020fe455d61d20f1f7eab9c3f9540a3ab8a35482,29,10,82.2127,11.1453,1418.0971,199.3556,84.9408,5948.879,0.1406,0.4261,8,6,0.4268,0,321,low,0
0x0211cc3e0a76e7638b6d2f540b444d313448eb91,2,1,0.0037,23.5617,2.2384,0.5596,0.0,0.0,0.25,0.0,1,1,0.0,0,386,medium,0
0x0214c5c41f5249166aab9a12213ac0e2119d2cc8,42,15,134.3352,1.262,36705.1536,4092.4551,4099.131,3799.1412,0.1115,1.0016,5,3,1.0,0,60,low,0
0x021690c899ae56dbcf851ba0305659d39b557622,57,9,77.8874,2.0706,2636.1298,790.0455,790.8137,1902.3209,0.2997,1.001,7,5,1.0,0,201,low,0
0x021699aaf005dabd166bf803c65fc90529fcff4a,6,3,22.6032,23.459,23.9437,0.001,0.001,0.01,0.0,1.0,1,2,1.0,0,304,low,0
0x0219a224a191ac58ae6ca71dd2edcbdb5c7423a2,2,1,0.0005,101.1742,0.1529,0.0153,0.0,0.0,0.1,0.0,1,1,0.0,0,38,low,0
0x021a17e276d22dbda6b262c1c67ab256b9b06857,5,2,16.6941,103.5571,248.0336,82.3977,144.0799,432.8449,0.3322,1.7486,1,2,0.0,0,4,low,0
0x021ac46670e1c00e1151bb6dd05b4d1bb10aa4ca,21,13,33.9016,77.0812,7802.137,6027.787,4992.3084,6355.7537,0.7726,0.8282,2,1,0.0,0,5,low,0
0x021b65231f1b70a5bc05e3f6099339494b72275c,4,1,0.0003,124.6793,13878.9611,3999.9611,3999.9611,13878.9603,0.2882,1.0,1,2,1.0,0,4,low,0
0x021d5abea6efbcd5dba2c8ae9237471448ea0856,12,3,97.9947,24.09,1500.7444,55.225,0.0,1297.235,0.0368,0.0,4,3,0.0,0,190,low,0
0x021d8505c6526352848beab51d87f89ea75446a4,4,1,0.0011,132.244,2864.4571,1198.8034,1198.8034,2864.4571,0.4185,1.0,1,2,1.0,0,4,low,0
0x021fe7301b7e40ef740ba6bc4957864967aaa2f1,18,11,60.3111,78.8046,3727.8503,2099.3869,1029.3968,994.952,0.5632,0.4903,2,5,1.0,0,23,low,0
0x022064c9f712b52d7afff7263527eabebf59a71c,4,1,0.4485,17.2698,4.825,2.0991,2.0777,4.5371,0.435,0.9898,1,2,1.0,0,329,low,0
0x0220848dbcb1403f3faae97e30dd2adef05cf91d,4,1,0.0008,126.3544,3176.8549,399.9863,400.4764,3180.7477,0.1259,1.0012,1,2,1.0,0,6,low,0
0x0221049b11fc262500edcef74c4b84e9454b681f,60,7,72.1709,21.7604,2457.7031,970.9858,343.2686,731.8673,0.3951,0.3535,17,6,0.3534,0,316,low,0
0x022170e70f0332cd8bf0d1578694c5d29eb9d79d,12,4,23.3096,77.0662,47769.6914,37734.675,36866.742,46625.4438,0.7899,0.977,2,1,0.0,0,5,low,0
0x02238e3ff83f90c8299663119271d24a105158fa,43,9,20.2618,93.0212,504.3809,424.5685,430.4088,525.7402,0.8418,1.0138,11,4,0.1414,0,25,low,0
0x0224b2311d5968fa00a42103788b2f4ccd0651ad,146,52,93.5414,6.1603,8855.3351,3871.1218,2729.082,8138.5475,0.4372,0.705,15,8,0.9432,0,236,low,0
0x0224c4b1947b01be8f3c0629a65a05a59174905a,3,1,0.0715,136.8786,1128.8811,302.2686,0.0,0.0,0.2678,0.0,1,2,1.0,0,19,low,0
0x0224c5a4e8bb58fcbe9e537ee8b9ac2f874a6ad9,2,1,0.0002,23.5721,0.1119,0.0112,0.0,0.0,0.1,0.0,1,1,0.0,0,343,medium,0
0x0225949faef9a120994a5501e30a161b418b6371,22,7,7.6546,2.8339,21822.885,18923.1997,19137.7767,54702.715,0.8671,1.0113,3,5,1.0,0,231,low,0
0x0225c9cc9a6413812b15ad1c706c3c8b90c0459f,68,16,63.797,20.8037,72412.2902,34066.2086,34026.7304,88788.9523,0.4704,0.9988,15,6,1.0,0,148,low,0
0x022706bf59a56d4eaa13c079e233bb39389148c0,2,2,1.0226,75.7328,1000.3925,450.7316,0.0,0.0,0.4506,0.0,1,2,1.0,0,142,low,0
0x0228213c43f6c2634a1bdad2fcab7316256cdff6,210,61,86.6401,0.4487,147742.0303,44473.1278,13441.3565,64183.3902,0.301,0.3022,50,7,0.9988,0,412,medium,0
0x02284b35e4d03658aa5f6e63320c1185ed916258,10,5,52.4702,67.8531,2031.4251,602.5625,0.0,2111.0702,0.2966,0.0,1,4,1.0,0,52,low,0
0x022860885b57964e4daa35e0838a9427a861ef65,18,4,68.9566,58.5115,8999.8273,6500.7983,6549.1259,9062.282,0.7223,1.0074,3,2,1.0,0,15,low,0
0x0228c4032162fc5485f00f2638822c15f32ca561,38,18,122.3102,3.0907,102838.9264,6742.7527,5308.9148,6943.2464,0.0656,0.7874,5,6,1.0,0,145,low,0
0x0229a3d4fab214ac8ae4fe6a5bb1b7279592ac9d,4,1,0.0011,22.6124,1.0004,0.5002,0.5002,1.0004,0.5,1.0,1,2,1.0,0,309,low,0
0x022a09f4cb866d4d70853c9f8d50ce33f1fa0db7,58,28,60.298,1.9265,1035.8802,345.8599,335.0178,1086.6547,0.3339,0.9687,13,6,1.0,0,398,medium,0
0x022a109627e1f304eb65977c61b99b0b894868e5,15,8,14.0381,77.6764,2867.8649,468.5366,467.8448,0.0,0.1634,0.9985,3,4,1.0,0,65,low,0
0x022a4e92b9a9b3334d61c6bdfeb6dfe9bf7bcc7d,2,1,0.0005,23.6631,0.1137,0.0568,0.0,0.0,0.5,0.0,1,1,0.0,0,381,medium,0
0x022b36e7d24e441b4d5e8293b94552773fdef176,5,2,6.3396,84.2673,125353.8824,105006.5433,104978.8793,125295.4466,0.8377,0.9997,1,1,1.0,0,7,low,0
0x022b3fa410364e1e28054b704b0da3b67aa6dc90,47,5,54.0109,73.206,31519646.8755,23050714.0136,17343435.2525,23824449.6397,0.7313,0.7524,14,1,0.0,0,4,low,0
0x022b755d4b5db88a2c32499fa667904fbe24c928,100,28,86.3725,0.5718,70967.4179,17911.1481,17721.0382,112237.897,0.2524,0.9894,15,6,1.0,0,179,low,0
0x022ca32d31da3ef85922aafd9ad29c5b2418172c,62,18,81.7205,17.0638,29565.6553,9790.9519,6322.8783,117620.7101,0.3312,0.6458,13,5,0.6446,0,127,low,0
0x022ce4715b44ef6f0ead8561b29da676928d16f3,7,5,69.6596,51.5131,17485.0843,3473.8286,68.1285,0.0,0.1987,0.0196,1,2,1.0,0,71,low,0
0x022cf8fcf32a0af972cb723d82e0120b43c79af0,5,1,0.0027,101.7905,0.721,0.2687,0.0,0.0,0.3727,0.0,2,3,0.0,0,67,low,0
0x022d41d3071853f439b0d861a93ff9834b822d36,12,3,16.1958,102.2096,2070.7192,1099.1119,0.0,0.0,0.5308,0.0,4,5,1.0,1,262,low,1
0x022d9d334a2ff3ccd372fa345c87106e3428b0f4,16,8,45.9882,38.7307,3241.9186,44.2716,44.1758,5150.4941,0.0137,0.9978,2,5,1.0,0,147,low,0
0x022db3d2cb668693ea15009057076a7f5e973ab7,5,2,22.9728,77.0141,4755.2517,3804.2014,3806.5186,8558.4143,0.8,1.0006,1,2,1.0,0,15,low,0
0x0230b6df83cc33bcf9c7c29ace1ae5078fe36b74,92,7,8.9102,99.1655,28867.1241,22398.0386,15238.4235,17865.8359,0.7759,0.6803,34,4,0.9192,3,540,medium,1
0x0230bc307520081725023ab397785a35a96f233c,22,10,28.6422,64.1248,2969.3657,1556.205,1546.3593,5689.0896,0.5241,0.9937,3,4,1.0,0,33,low,0
0x0230d420819b2654845fb9c570ac53c969b6c386,57,18,90.5214,38.0377,110413.5282,39148.6564,26797.0497,16023.2006,0.3546,0.6845,11,6,1.0,0,77,low,0
0x023199a96a6e1ff70f46d6c6f4b3045ffe41d2dd,2,1,0.0,14.3333,267.5942,145.8941,0.0,0.0,0.5452,0.0,1,1,1.0,0,524,medium,0
0x023234656d0c392c955965ed34e5b4862ffd1574,3,2,30.929,100.4205,1131.6694,497.9346,502.1927,0.0,0.44,1.0086,1,2,1.0,0,16,low,0
0x02349bc43d584a0f18fef86627d22eb4f362454b,32,21,74.8798,3.371,407.8134,173.5713,23.9027,5.2251,0.4256,0.1377,14,5,1.0,0,638,medium,0
0x023768fbb4dcef5ce609f8d262cebc33860e9c30,4,1,0.0003,130.7001,1548.1366,666.6432,666.6432,1548.1366,0.4306,1.0,1,2,0.0,0,3,low,0
0x023876998090f4a06ad08b13fd942e44d3168d2e,38,11,27.1897,88.6755,26338.976,11033.1923,0.0,2254.4543,0.4189,0.0,12,3,0.0,0,43,low,0
0x0238d0aa37457dc99a0e9a41d109b861f0aa0b96,12,2,2.541,101.0434,491.2301,259.5681,337.4861,641.4157,0.5284,1.3002,3,2,0.0,0,9,low,0
0x023cf85b4b860caa294d518e7e1f50b45361f3db,19,6,56.0364,64.1125,1438.4651,80.4732,0.0,564.1498,0.0559,0.0,3,2,0.0,0,50,low,0
0x023dae0fc6722a75972b277d5ec54885177ad68b,14,6,16.0248,70.8419,330.4027,80.9336,38.6135,57.5843,0.245,0.4771,4,3,0.4769,0,80,low,0
0x023dc0303836189bf3f921476a51ce6898f180ad,14,3,16.5405,65.0787,11221.7129,2049.1025,2055.8353,9557.6358,0.1826,1.0033,4,3,1.0,0,46,low,0
0x023ebb99d4b85e6470c6e45a3f2e70ab446d3e7c,3,1,0.0734,23.5092,2.273,1.0137,0.797,0.0,0.446,0.7862,1,2,1.0,0,371,medium,0
0x023f57cc43fb63b4d6d5a18f8f656d828c40e489,51,8,42.1366,53.994,3698.1593,4020.4216,4468.8049,5054.1211,1.0871,1.1115,8,4,1.0,0,46,low,0
0x0240099b8b2b9a5b408e8de96131e93ed7fed9de,4,1,0.0202,79.0791,54.6461,26.3961,0.0,0.0,0.483,0.0,2,2,0.0,0,114,low,0
0x024053954b25e537a1eec0473d59e9d5e0b54200,29,5,44.8805,25.4521,3318665.0113,2722952.5285,2727165.238,3311577.0596,0.8205,1.0015,6,4,0.9715,0,46,low,0
0x0243c7769ed199491b84409f3e70dcc28a94acf5,2,1,0.0063,1.2973,0.0159,0.0023,0.0,0.0,0.142,0.0,1,2,1.0,0,676,high,0
0x0246b0a279dd8466ecba9b3b0af5f51076763e09,26,17,125.9146,2.7469,5632.8624,2579.823,0.0,44653.849,0.458,0.0,2,6,1.0,0,162,low,0
0x0247542b512035f5d1373358e86683a04b1c1769,10,1,0.0208,81.6097,61362.8986,36025.5238,35940.7155,61421.6789,0.5871,0.9976,2,1,1.0,0,10,low,0
0x0248d827e45291b75c60cd9c66cf4d5b8ed4223b,4,1,0.0031,134.2979,6169.3473,2002.014,2002.014,6169.3473,0.3245,1.0,1,2,1.0,0,3,low,0
0x02491d37984764d39b99e4077649dcd349221a62,279,55,103.8905,51.1474,11996766.5141,8789823.1951,1762568.7873,5100631.6672,0.7327,0.2005,61,7,0.185,0,37,low,0
0x0249bea8bd7820ce8c8f122dc48ca1a2adda1ca6,24,16,79.76,5.8861,141384.2487,59791.3591,569.4677,20123.9071,0.4229,0.0095,8,6,1.0,0,371,medium,0
0x024b52ddd4a3562768ecd61b1c2cdf35d0613e0a,4,1,0.0102,77.0237,0.0,5548.5159,11090.592,10274.2217,100.0,1.9988,1,2,1.0,0,15,low,0
0x024c33affbf5499b02d97ccc3358dcbc7640d1d0,26,3,40.9992,65.9831,23509.3722,16948.0888,16898.7824,25432.431,0.7209,0.9971,5,3,1.0,0,21,low,0
0x024d37ae44d299b9cef36d348232a66801c3a25a,6,2,5.1375,59.5445,957.577,441.2292,442.7518,983.2852,0.4608,1.0035,1,2,1.0,0,41,low,0
0x024e14fa72c351f132475f297f64521a7fae286a,45,26,96.2409,4.1315,42367.0754,28955.0686,13431.6154,36441.2134,0.6834,0.4639,14,6,0.9871,0,261,low,0
0x024e3c5dce2044ccf6b28179b88e9db503ee5c11,19,3,1.5081,113.3631,13696.4362,8688.1552,8947.5762,14139.3039,0.6343,1.0299,4,1,0.0,0,3,low,0
0x024fa9444a644ca26705a48486b05d74292412aa,30,10,50.6242,32.9615,1076.376,407.0363,56.0721,274.3761,0.3782,0.1378,7,7,1.0,0,391,medium,0
0x024ff3388331e62d6f9503057d211d74650b1998,9,4,27.6829,0.7216,1109.273,496.2711,7.8981,0.0,0.4474,0.0159,4,4,1.0,0,719,high,0
0x025123f35f34993e0ac581f118271e6170e2aed4,4,1,0.0007,132.2153,5687.2928,1568.7323,1568.7323,5687.2928,0.2758,1.0,1,2,1.0,0,4,low,0
0x025199bf0c349f6cdc3935d708d08646e3960ba3,2,1,0.0066,1.297,0.0159,0.0023,0.0,0.0,0.142,0.0,1,2,1.0,0,676,high,0
0x025240adb2807492533b854de7764e85223c43e6,5,2,1.3287,124.0305,116.7903,20.3523,0.0,0.0,0.1743,0.0,2,2,1.0,0,40,low,0
0x025297ca7459dd67dbfd8443d9b5f321e89fad83,13,6,21.1398,49.6336,321.396,3757.9076,7511.0147,6580.3655,11.6925,1.9987,1,2,1.0,0,20,low,0
0x0252e3524f4d28702b6b3ab7aa7c8eacaa9caf4d,16,6,44.2465,33.8758,180712.2731,270414.0997,161052.3616,177194.7263,1.4964,0.5956,5,4,0.3872,0,67,low,0
0x02535f81854b731a185a765286f7196c6c2b63a4,12,8,22.887,96.9201,179516.3405,40084.0131,39955.6316,554525.6016,0.2233,0.9968,1,5,1.0,0,6,low,0
0x0255c9d3850caca1152aeb20425c264787661692,167,46,93.6601,0.1112,5508.4392,1809.349,1048.4592,1630.2651,0.3285,0.5795,25,8,0.8918,0,422,medium,0
0x02561edb032a795fa02e46d1ec922ef0fbca14a5,9,1,0.0014,78.571,32.6973,14.6438,4.534,12.5673,0.4479,0.3096,2,3,0.1369,0,75,low,0
0x0256b3d533b384fd24bfef8f61491ceea5426b5e,75,18,77.0661,47.734,61360.9037,48115.6471,15539.3281,8526.7256,0.7841,0.323,18,8,1.0,8,999,high,1
0x0256ba1f18ca0f91a93bdb2f218d91dd20ee428a,36,4,87.6598,7.0379,17228.8893,10037.6545,5393.6481,21479.4927,0.5826,0.5373,10,5,0.5383,0,197,low,0
0x0256d43f6af4a9c14096c4d188a8d25380cc1e95,5,3,73.724,13.3369,95.0252,25.9119,0.0,0.0,0.2727,0.0,2,1,0.0,0,254,low,0
0x0257272644deb3c685ec485700b7ff8f375d8879,5,4,37.5556,12.3614,1309.5116,675.3274,0.0,0.0,0.5157,0.0,2,3,0.0,0,419,medium,0
0x02577874b50993e03070e7c7eefa78eac31cadd5,83,13,89.8298,0.3681,360972.2187,221762.0115,61062.4129,342385.8601,0.6143,0.2754,27,5,0.8909,0,275,low,0
0x025792a600b4844383a838f9ca9d97394ad23369,22,4,60.0658,22.1777,3164.648,891.6121,893.886,592.3387,0.2817,1.0026,5,6,0.8335,0,205,low,0
0x0257ffe501e6d7670c5510b6d8a558eddea79475,9,3,19.0532,34.0476,3668.6853,1606.1082,1606.6141,0.0,0.4378,1.0003,2,4,1.0,0,188,low,0
0x0258aa61198204d52dbed666326bed75b3a09126,27,13,60.389,10.7972,18262.2637,11057.8843,963.5248,7.0917,0.6055,0.0871,7,4,1.0,0,377,medium,0
0x0258fefede90decf71000c32412f33726b27d5c0,11,1,0.0006,132.8637,1.7581,0.0005,0.0,0.0,0.0003,0.0,5,1,0.0,0,20,low,0
0x0259575795db48a8dbc036ca387762c95ceee9b5,25,9,49.5978,62.6985,50449.6495,42064.0494,42361.354,50765.2535,0.8338,1.0071,5,3,1.0,0,18,low,0
0x025acefa3cf20e71f44ccd3b81e2c1924602c48b,130,23,51.9069,55.0561,180220.6596,113787.3854,43296.3699,29561.2019,0.6314,0.3805,48,6,0.3809,0,126,low,0
0x025b6d0137e847ba5df51e8af8508e4874d2ddbd,86,38,92.1731,2.6509,165528.0006,109851.3013,31121.6664,71176.265,0.6636,0.2833,17,5,0.6548,1,395,medium,1
0x025bbb8ef2d8ade3ae7b2ed26765be344d94296f,3,2,7.9036,45.1843,151.5943,51.044,0.0,0.0,0.3367,0.0,1,2,1.0,0,293,low,0
0x02608d35121db289427f6fd4fa53e93b5cae0bdf,25,7,63.8688,29.1931,287.7177,167.9084,45.8771,114.1832,0.5836,0.2732,4,7,0.9945,2,811,high,1
0x02615eb2838102011972e092add331d9e723448f,4,1,0.0008,132.4926,1925.5355,696.0619,696.0619,1925.5355,0.3615,1.0,1,2,1.0,0,4,low,0
0x0264ac5bc4626a76eb59a761b1075a36c7b2b860,4,1,0.0012,131.2904,1407.1502,549.5039,549.5039,1399.89,0.3905,1.0,1,2,1.0,0,5,low,0
0x0266e5afc61b51f53d3aa70dc6f2438656909d94,14,5,58.8323,37.7603,636.3202,181.1835,88.8494,232.3802,0.2847,0.4904,3,4,0.4958,0,117,low,0
0x0267c58c62587e65e816d39570769fb34c9b4ab5,6,2,13.0531,81.521,10464.3412,7694.9917,7673.3921,10435.7202,0.7354,0.9972,1,1,0.0,0,7,low,0
0x0267c774380db18ed0c9ca3e41ed086e53750480,53,22,127.481,0.8964,132969.0585,155941.2866,100767.4762,2342.9716,1.1728,0.6462,23,7,0.9283,0,302,low,0
0x02682dcf41d8edbb797dba7a1b8f761b52cc6e0b,9,5,76.7051,0.4503,71.2617,360.7566,218.9123,0.0,5.0624,0.6068,5,3,0.9454,0,503,medium,0
0x0268f26c311fee1e2652b78e0f4b186239bb30e3,54,9,38.8197,68.6757,190.0497,89.1037,89.4292,122.5258,0.4688,1.0037,12,5,1.0,0,91,low,0
0x0269ae21dbae267fb041ee16ba8500dd0fde2f2d,29,22,65.1225,68.6726,10559.4639,2512.2079,2510.7555,12606.4065,0.2379,0.9994,2,4,1.0,0,11,low,0
0x026a45e4ee23f6777ef668cc21ce816e791926fa,10,5,34.0362,4.1438,42.672,5.9267,5.9382,5.929,0.1389,1.0019,2,4,1.0,0,434,medium,0
0x026a55d367905cc892280e5ba04d64e9d745b86c,127,37,120.6573,0.1743,298472.1473,91914.5039,88880.2753,191952.0591,0.308,0.967,26,7,0.9887,0,166,low,0
0x026a94e94cc11b082cd663b9d92fd07a6d708887,43,4,72.0285,51.9429,969.5884,766.1287,766.5469,969.0725,0.7902,1.0005,13,2,1.0,0,48,low,0
0x026ad6ecd5124809d5f3b393f6a94ac195ca55b9,6,3,113.3265,6.1394,385.0906,2.0285,2.0285,3.9965,0.0053,1.0,1,4,1.0,0,310,low,0
0x026c2da77a4584478550de459a6abb848519ffe4,176,28,117.6564,0.6902,361015.5637,234834.9714,146618.9073,101351.5961,0.6505,0.6243,49,5,1.0,5,985,high,1
0x026d639c41b00c686ad758543cf569dfcf2e3d4a,33,9,9.1239,43.5665,12954.3578,7762.3188,7288.6324,13085.9294,0.5992,0.939,7,3,0.4372,0,66,low,0
0x026de7b3d021dd600438f69e49c0e34495bf0edc,14,5,22.3861,76.6173,4910.3836,1628.5148,1645.2486,1445.6319,0.3316,1.0103,2,5,0.8276,0,30,low,0
0x026e0a569b23b6afac6520a977fcb83192f370f1,15,3,80.6925,7.1411,12883.1266,8357.5721,8112.6401,12497.7352,0.6487,0.9707,2,5,0.1797,0,79,low,0
0x027011c0fd7e86ab7fcab831b204fddfb6af2ed7,14,3,6.1864,103.1103,10251.1095,3825.3907,549.0264,46.9913,0.3732,0.1435,4,5,0.2623,0,43,low,0
0x02703abfdc84e7614bdc52f9e65952a8c0ac4a2a,2,1,0.0006,23.6416,0.1137,0.0114,0.0,0.0,0.1,0.0,1,1,0.0,0,343,medium,0
0x02706710a0bd191361d1935d74e812a9c588cd05,72,21,23.4544,0.1791,6330.8044,1587.9321,1518.3021,3192.5291,0.2508,0.9562,11,5,1.0,0,377,medium,0
0x027342b26e74ff005755d532f4035ec78822621b,2,1,0.0,112.2642,0.0235,0.005,0.0,0.0,0.2132,0.0,1,2,1.0,0,50,low,0
0x02736d5c8dcea65539993d143a3de90cebca9c3c,111,31,82.2056,50.9122,114389.7398,55385.4713,55400.6193,62281.829,0.4842,1.0003,31,5,0.9535,0,48,low,0
0x02744561ef8292feec44b87d08e8961bb4e29bd8,43,10,69.0536,21.7939,24700.2489,12783.9331,12798.7114,45487.5549,0.5176,1.0012,7,3,1.0,0,59,low,0
0x027747771ce20e60d24344e2a62a1377960cced0,28,12,51.8298,99.7712,23832.5769,14673.1419,0.0,3444.6222,0.6157,0.0,7,4,0.0,0,20,low,0
0x027937f64f35377f87e8a8318c0370d74b456cc8,4,3,8.1247,85.3591,5557.5418,365.4025,0.0,0.0,0.0657,0.0,1,1,0.0,0,54,low,0
0x027af3fec91de9714ad0540be7b03487f332238d,15,9,58.4506,19.1905,0.0,45208.5479,82903.4549,171238.6453,100.0,1.8338,3,5,1.0,0,48,low,0
0x027b2fdf7b0793679acde003a5e22e17a4803fed,2,1,0.0015,23.4315,0.2261,0.113,0.0,0.0,0.5,0.0,1,1,0.0,0,384,medium,0
0x027b6146248b3a7648e7c7e243bd01e1704bc3ca,8,5,13.9429,73.2587,69186.3407,30498.9838,30446.9807,79135.4501,0.4408,0.9983,3,3,1.0,0,24,low,0
0x027c04aae42b4143f5718ab191ef5668c268c09b,35,24,71.8265,3.8966,291.8697,123.1225,3.1863,0.0,0.4218,0.0259,15,5,1.0,0,706,high,0
0x027cb2d88746942364a7f8af881f3b69e9d08662,4,1,0.0357,11.9517,64.3648,27.5305,0.0,0.0,0.4277,0.0,2,2,1.0,0,646,medium,0
0x027cedb5d69afdd68ce27cf58dd6d05a72edc4f6,147,47,144.3121,2.9547,721441.5967,530387.8148,460373.0475,644945.833,0.7352,0.868,33,7,0.9906,0,107,low,0
0x027e9fac2d42f779d2232b76e31a3b7cbd955d70,4,1,0.008,123.4281,7.723,2.9973,3.0021,0.0,0.3881,1.0016,2,2,1.0,0,22,low,0
0x027ec37fe00524dbeeae9c6ba96164f84eca09bb,4,2,0.4529,114.6354,4573.8636,899.7755,899.7755,4214.7195,0.1967,1.0,1,2,1.0,0,8,low,0
0x027fcbfa8ac860652c516b16a2f02080917489d2,21,6,34.516,55.6195,119271.2576,99803.3815,100619.7792,120174.6097,0.8368,1.0082,6,2,1.0,0,24,low,0
0x02803ab2f41603f75d57ab98871baf84b0c80e90,28,17,26.7918,51.3257,15863.146,2503.6119,2538.8103,0.0,0.1578,1.0141,1,3,1.0,0,36,low,0
0x028062ffc2a94ca94e464240142c956d10fa449d,4,2,14.2302,83.1582,0.0,133372.5053,267702.3651,174202.6484,100.0,2.0072,1,1,1.0,0,3,low,0
0x0281531ebed0d369e29f29bb4295be46113e422b,105,20,86.1528,54.2421,2400006.2337,1407304.6535,1414371.2938,2405255.1681,0.5864,1.005,18,6,1.0,0,22,low,0
0x0281817134298991d74fb31dcb3efa1e936a4c25,53,9,13.3661,74.8615,1760.5554,689.8433,591.4474,2574.8669,0.3918,0.8574,7,5,0.8518,0,50,low,0
0x02820c1f9427f1c82e1901f1e7cadfb150560dac,13,4,70.087,10.5794,426.3038,129.6426,83.0345,206.8651,0.3041,0.6405,4,4,0.6421,0,261,low,0
0x028216b8e4ddc7b4272eea40afbaecca24f30b46,25,4,8.9372,75.8045,551.1786,196.2914,197.1295,670.7094,0.3561,1.0043,3,5,1.0,0,49,low,0
0x0282887135e0d365f4e4875870f86bbdaf1e39c9,4,1,0.0017,134.1623,2050.9059,701.8757,701.8757,2042.1971,0.3422,1.0,1,2,1.0,0,4,low,0
0x0283de3def25719ec46cb4db3bb1693f5af5cf6a,6,4,5.7831,73.7082,3109.3359,1203.6897,1206.3448,2741.3519,0.3871,1.0022,2,2,1.0,0,31,low,0
0x0284481639f1c8e0cf1e071d644181d7ad876293,2,1,0.0,115.5465,0.0213,0.0048,0.0,0.0,0.2252,0.0,1,1,0.0,0,25,low,0
0x028560d6943435b7e129c1872b67f36d65ce3b41,7,4,51.807,52.6207,1325.0817,633.522,586.0087,925.8912,0.4781,0.925,1,2,0.0,0,19,low,0
0x0285b14e8ccc8c4bcb7cf0bcafaf6965f573343e,2,1,0.0,111.5584,0.0513,0.005,0.0,0.0,0.0973,0.0,1,2,1.0,0,49,low,0
0x028641d71b87eb53da604565ed4fca4f7585f663,6,3,12.8554,13.0395,1136.7554,721.7326,722.0653,1198.0802,0.6349,1.0005,1,2,1.0,0,148,low,0
0x0287445f647c448c92129fbb2ef816f43b0c0bf6,18,3,7.2212,79.3433,2402.5735,1695.4974,1101.6431,1491.4313,0.7057,0.6497,4,4,0.6511,0,44,low,0
0x028a9d6c53b9388260474435e6781c8237adf1fe,4,1,0.0122,23.5195,1.0632,0.5036,0.0,0.0,0.4737,0.0,2,2,0.9934,0,569,medium,0
0x028baf20c23e74a7cce3b3120bb95ab8d1e35278,35,3,10.2314,72.8337,3976.224,1571.4875,1385.4814,4406.5126,0.3952,0.8816,7,4,0.8805,0,49,low,0
0x028c68b65e6c87ede62b33c62824cd65c80e2b2d,40,17,87.8912,1.5526,30768.7939,8008.5095,0.0,1760.4332,0.2603,0.0,10,6,0.1265,0,415,medium,0
0x028d10812993bf789c9c8789316f03e1985f07f2,13,4,72.9925,20.8853,69010.6206,12012.303,12045.5603,74938.9933,0.1741,1.0028,1,3,1.0,0,34,low,0
0x028db8e94e0836bdaeba5b743e0d400a3f9e90df,24,5,13.0419,111.7783,281939.5206,133836.9539,126464.3614,0.0,0.4747,0.9449,8,4,0.9406,0,20,low,0
0x028e086f46912e677b909e30500c535aa10766b9,17,4,21.4947,3.0053,9054.2821,3671.3962,3775.556,9490.7949,0.4055,1.0284,3,2,1.0,0,156,low,0
0x028e7eefc575b3113dc5aca8ff3177e330e0219d,3,1,0.0005,75.7936,0.2439,0.0498,0.0,0.0,0.2042,0.0,1,3,1.0,0,167,low,0
0x028edad1e233e1d094925ee54d71368bce668f36,65,20,35.7782,0.6041,13278.5392,11562.0738,4798.0679,2404.9525,0.8707,0.415,25,6,0.6332,0,589,medium,0
0x028f328c1e4ca62717b830db377ee1582bc1ece2,30,15,112.4199,8.8672,29837.4912,3946.6466,4086.4913,29177.3753,0.1323,1.0354,3,5,1.0,0,66,low,0
0x028ff776949531aada1fe98372b0f596cf170563,17,5,29.1662,61.8025,3446.0686,1939.8033,1952.8628,3457.6161,0.5629,1.0067,3,1,1.0,0,21,low,0
0x029083b69bbba772dafec650c4e23f6490d93125,8,4,43.2176,63.3741,10022.9811,4193.8286,4181.827,9963.1025,0.4184,0.9971,1,3,1.0,4,615,medium,1
0x02924ba1974a33fe4563a1f2b762847a2233d496,14,4,8.3414,69.3807,54503.0962,12975.746,13011.0121,86975.7417,0.2381,1.0027,1,4,1.0,0,18,low,0
0x0292c117e0fc26212b22c5843b9755e7b676c6c0,5,2,25.6532,50.9823,0.0,396.3876,657.3496,1755.7913,100.0,1.6584,1,2,0.0,0,49,low,0
0x0293fafe77e87627af48a55ec2129f769a9cb270,55,10,26.9582,72.1827,14701.2984,2698.0561,2695.7046,31314.4092,0.1835,0.9991,5,5,1.0,0,27,low,0
0x02946828dba18fcb7cd09e9ebf891ceaa1bd7aa6,13,5,31.8919,2.2873,33057.5425,17464.9595,2132.5466,2133.6181,0.5283,0.1221,4,3,0.9943,0,358,medium,0
0x02948cbed87c7ac0beb2488396a3886b9f656634,3,1,0.0295,23.276,0.0457,0.0171,0.0,0.0,0.375,0.0,2,1,0.0,0,422,medium,0
0x029571abceddd08d74c97010eba66f0a7d13c087,2,1,0.0,115.7175,0.0329,0.005,0.0,0.0,0.1506,0.0,1,1,0.0,0,24,low,0
0x0295cb6cd98aa3f2a8ae832a1b9c6f2b8a7160df,27,12,105.1038,39.0565,178966.9514,94130.1003,40840.2122,88017.5342,0.526,0.4339,3,6,1.0,2,259,low,1
0x02961914072c1aaa8e0a3c8477874b311079b800,16,4,9.3927,99.0246,808.361,181.0347,40.8111,374.7353,0.224,0.2254,4,3,1.0,1,118,low,1
0x02996c1eaf1ea3de391ed7c748ca6c0762cd5f04,56,21,103.9382,2.882,1269.8965,1603.0907,1177.6874,1365.5232,1.2624,0.7346,12,4,0.4871,0,163,low,0
0x0299cb22804ccda6eb64b5c891de04d9f526cccb,8,2,22.2121,23.4182,25.7577,6.9735,6.9735,24.6437,0.2707,1.0,3,2,1.0,0,263,low,0
0x029b56845268708b6b05a90f761ebfe15151c738,42,14,48.6057,23.1547,1532.4254,754.8536,584.304,751.8499,0.4926,0.7741,9,7,0.5891,1,558,medium,1
0x029bcb2e9d1e503e747dea7d0a55ebc055f9b03b,16,8,13.3912,7.7363,11114.1041,6353.2408,6476.7007,11054.1126,0.5716,1.0194,3,3,1.0,0,172,low,0
0x029ce20ee686f00a1200b116086f90a682e30092,17,5,13.7868,69.7337,2420.3451,1384.0574,1301.4297,4371.2844,0.5718,0.9403,3,3,0.944,0,32,low,0
0x029d4f3c7a8f23ad7316731f271d4e194538d88e,2,1,0.0036,77.6453,1.4926,0.2015,0.0,0.0,0.135,0.0,1,2,1.0,0,156,low,0
0x029d81af39e6969033906aa51ba0a2e5f055fd43,27,5,57.2492,4.8785,927.8606,530.3698,530.6401,1039.667,0.5716,1.0005,7,5,1.0,0,314,low,0
0x029de7a8c9511978c4795beccf60553d36318cfd,20,5,59.0488,0.5429,63198.6062,37331.7998,38752.0382,30427.3208,0.5907,1.038,4,4,1.0,0,141,low,0
0x029f19fc5a2425a4f04c3e1f6855af0afbcc3c93,160,41,87.6927,0.1095,1427.0486,760.6358,760.0003,1274.1649,0.533,0.9992,38,8,1.0,0,492,medium,0
0x02a0f1a59940dddb35a38327e93d7abb49e285b1,115,50,117.5076,0.1763,20662.6224,9507.2434,6519.8537,18046.8119,0.4601,0.6858,20,7,0.6869,0,202,low,0
0x02a16e93539e8043766befc1d941835ef18a77d9,16,5,9.2347,2.9604,4497.7151,11711.7927,11217.1985,3985.3835,2.6039,0.9578,4,7,1.0,0,500,medium,0
0x02a16f8df2b11b3a0c9f47cc5d705830792e3e6f,366,44,51.4676,9.1604,1488.3403,5105.3794,4107.6956,506.3976,3.4303,0.8046,117,6,0.7067,26,1000,high,1
0x02a298c6b33b6505e15faacf4f52ffcf1c43d4b7,18,7,96.4458,27.1592,2265.4427,1082.79,910.5183,1955.9369,0.478,0.8409,3,5,0.8375,0,76,low,0
0x02a5c129419ffe445e6c07357715994a513741f6,79,16,87.9256,0.7132,14695.7312,6717.9802,3528.7598,3075.4685,0.4571,0.5253,24,8,1.0,2,915,high,1
0x02a5f4b01a1e60c1c1e96b7e5ccff7b083af88b1,9,5,58.7317,31.1431,10730.3699,4485.6943,502.2127,990.1853,0.418,0.112,2,4,1.0,0,149,low,0
0x02a73cd5c9135b68798838407a136b41ddea3c5e,87,27,56.2862,0.672,5102.0806,3841.6544,2358.409,2305.388,0.753,0.6139,23,3,0.9907,0,318,low,0
0x02a7c650e9a1a2d66deab637c07e1d627587c083,89,64,92.2721,1.2695,453545.9728,162200.5515,0.0,0.0,0.3576,0.0,10,6,1.0,4,984,high,1
0x02a7d80d21a3ab1719dd16ab66d716e588d79595,6,4,51.8804,10.1745,4430.1545,1222.88,0.0,0.0,0.276,0.0,1,2,0.0,0,251,low,0
0x02a8f422e4623cf409b2a1a64a603b16357ea9da,52,16,66.1329,27.6761,524.4707,94.7819,37.9419,56.4387,0.1807,0.4003,8,6,0.3951,0,260,low,0
0x02a904869e43d0be61a71f2e6e7af45f9dd27988,22,9,72.6958,4.2969,160770.9399,148026.2566,60387.6092,68371.3639,0.9207,0.408,3,1,0.0,0,41,low,0
0x02aa6d3779d28383d69cd4221cd7dc2685011337,28,10,47.9225,16.2086,6758.3201,3115.3859,3140.0629,8051.7203,0.461,1.0079,10,7,1.0,0,343,medium,0
0x02ac4c9dca975e634793849092d2d5eac8d088c2,7,4,63.0297,25.4254,795.9726,20.1136,0.0,530.1339,0.0253,0.0,1,4,1.0,0,309,low,0
0x02ad56758fef56099cf57531d0c97bb1aa1f076e,95,29,126.0559,2.8548,185831.2449,42263.3136,35955.5686,141407.1182,0.2274,0.8508,18,6,1.0,0,129,low,0
0x02aee0ce756fa0157294ff3ff48c1dd02adccf04,116,43,141.3763,0.704,380761.2902,48837.491,48901.854,228650.9742,0.1283,1.0013,10,7,1.0,0,73,low,0
0x02aef62867532fbddf4521b3889a5af09b5333d8,14,5,9.9353,41.5759,3992.8214,2602.6471,2552.3102,3924.9864,0.6518,0.9807,2,2,1.0,0,53,low,0
0x02af6f4620c185ba1aab781282a67f21106a2d61,2,1,0.0007,16.3989,0.0015,0.0,0.0,0.0,0.025,0.0,1,1,0.0,0,385,medium,0
0x02af867ab593ffb436e9102eec9b1ca5a693620a,2,1,0.0004,23.5597,0.0112,0.0007,0.0,0.0,0.06,0.0,1,2,1.0,0,487,medium,0
0x02afca5527ecb2ffe3ed6ee9ae776c7d5da88923,141,45,74.3778,17.0825,8329.1712,3814.691,316.3307,4481.2494,0.458,0.0829,24,7,0.0831,0,295,low,0
0x02b05a37642df584a9586ffd1008b1898f470835,35,10,69.0758,38.5491,12241.4119,6196.1858,2908.8463,4768.743,0.5062,0.4695,10,6,0.7795,0,153,low,0
0x02b0f2fdd791d194a5d941579a696894d67c38b2,21,15,59.195,23.8347,1964.3497,99.0693,99.1108,1362.1112,0.0504,1.0004,1,4,1.0,0,83,low,0
0x02b13fd8e0557ca41834df8fc2922eeadf4af6a7,18,4,12.4641,75.0562,3169633.9465,700958.5147,702818.6986,4388290.5301,0.2211,1.0027,2,2,1.0,0,6,low,0
0x02b265d2ce756e835b1bff29e9a07e77d02488f3,5,2,1.9518,50.0521,3937.6758,13018.7188,13041.0059,31297.8156,3.3062,1.0017,2,2,1.0,0,63,low,0
0x02b2b3835e863da7c7aec928586cee0b04a261da,4,1,0.001,133.9963,2174.7857,701.8292,701.8292,2174.7857,0.3227,1.0,1,2,1.0,0,4,low,0
0x02b3f9bfdf978bbe7434467761a706d44311a065,8,3,45.5239,49.1653,1496.4426,199.8327,0.0,100.5477,0.1335,0.0,1,5,1.0,0,185,low,0
0x02b40f2f6b29db95866775e732352f6686885fa3,49,32,73.0397,1.8995,65617.3279,65200.7955,14.4103,118.25,0.9937,0.0002,5,3,0.0,0,158,low,0
0x02b42cadcb1d54d586d7b19c4b40ccb858d61640,54,22,57.7594,33.8595,28836.6114,3151.8228,3152.5116,19293.5223,0.1093,1.0002,4,4,1.0,0,46,low,0
0x02b4d35435f702921a56b5c993c999b6b8eab1df,9,5,49.6047,68.3509,34.6623,345.0519,414.807,86.7431,9.9547,1.2022,2,3,1.0,2,307,low,1
0x02b537c80038f273820b51deda8d904b8f2748ef,8,4,26.9519,21.0707,1362.9244,482.969,781.0765,1354.2188,0.3544,1.6172,1,2,0.0,0,42,low,0
0x02b56b480fd9350fc83dbe2918a76c60232b4001,38,3,6.6645,88.8935,2039.2009,1585.8008,1775.3705,2288.9834,0.7777,1.1195,11,1,0.0,0,13,low,0
0x02b664da23a3b5480f710785fd5926ee1d055788,22,5,43.0708,49.0359,949.6355,778.3393,705.7718,860.7149,0.8196,0.9068,4,1,0.0,0,25,low,0
0x02b72485ecdaabd5f9af68d9a5d2b2ca54d5339b,95,28,98.4701,0.1857,60243.0337,34094.1126,17286.5577,47925.0737,0.5659,0.507,38,7,0.7882,0,404,medium,0
0x02b936ff5f54ef91b7e9e6fcd8aaed1160ee01c2,148,51,74.6225,0.4566,402950.0937,931435.671,806260.9191,215508.7984,2.3115,0.8656,37,7,0.792,0,267,low,0
0x02b9dee806bc6e1093e348336d35b0866908712b,17,10,48.4359,63.0248,235854.0906,93058.3067,60257.6847,167036.2357,0.3946,0.6475,5,5,0.6441,0,33,low,0
0x02bcb5d5a59ec3350ec2bed6c7ffcd5d566d9574,14,4,45.0271,72.1678,509.2938,342.2104,0.0,0.0,0.6719,0.0,4,5,1.0,4,950,high,1
0x02bd126623a52f35c2df74208e73c5c7ded740d3,16,5,56.7904,15.5914,7641.5771,2049.3603,1036.3479,10827.373,0.2682,0.5057,1,4,1.0,1,252,low,1
0x02bd653274feaa6e43618310400c5d1337758d1d,6,4,3.2902,65.5001,143.5068,10.7122,12.2793,0.0,0.0746,1.1463,1,3,0.0,0,69,low,0
0x02be55b9045cfa9195e851c35896b33da3693764,24,13,52.9617,12.4021,5436.2677,6815.0937,6794.7781,8181.3746,1.2536,0.997,7,4,0.9832,0,176,low,0
0x02bee0a17903cc1f2f48b4514ec23aae547fe4a3,71,35,107.0853,4.023,3987.2582,2321.1788,2330.0809,7925.2616,0.5821,1.0038,5,5,1.0,0,73,low,0
0x02bf4268c84ce1306d1e2af3c2f54d2b3214658e,2,1,0.0012,22.4189,1.2567,0.0126,0.0,0.0,0.01,0.0,1,1,0.0,0,375,medium,0
0x02c140cd842739c324846893adb64de09026b3f2,3,1,0.0031,23.6227,2.273,0.1137,0.0,0.0,0.05,0.0,1,1,0.0,0,350,medium,0
0x02c36a54388cddeaaeeb79f351b7e00b882c41d8,8,5,31.8643,48.9127,2582.3456,645.772,0.0,0.0,0.2501,0.0,1,3,1.0,0,169,low,0
0x02c3b69b7588c4d117ea0eb4d7ba809f9613f470,216,26,36.1287,8.7062,2679.6708,6670.6051,7163.233,4021.0885,2.4893,1.0739,58,7,0.6134,0,514,medium,0
0x02c3df430a4125a05feeb5fee31c0ee911f952e1,19,5,5.0335,78.9668,936.3412,389.5564,314.0483,459.6636,0.416,0.8062,4,3,0.8073,0,41,low,0
0x02c58ac2ac1029aaf986a9be4adb656c813005a0,2,1,0.0066,1.2969,0.0159,0.0023,0.0,0.0,0.142,0.0,1,2,1.0,0,676,high,0
0x02ca089c541a1e8d8cec24e066d7ffe2085cc528,16,4,7.2136,81.4478,410.6199,257.4113,257.9212,15.8759,0.6269,1.002,3,4,1.0,0,50,low,0
0x02ca884e10a36b822c996a3339bdd21417a4d092,27,8,48.0893,49.2511,48.582,18.5056,0.0,10.5976,0.3809,0.0,6,3,1.0,0,212,low,0
0x02cb44df23e2a5840eef59dbed570aad6401d3fa,2,1,0.0381,23.5608,0.0114,0.0,0.0,0.0,0.001,0.0,1,1,0.0,0,328,low,0
0x02cb8ddf0e9fd20bedcdf13d765996870928864f,45,7,60.8383,9.6615,2736.3241,1412.4239,1433.7763,3185.0599,0.5162,1.0151,9,3,1.0,0,156,low,0
0x02ccbf14d05af1bba1c85c0e4ebe34450b4bc3a1,8,3,6.0924,102.1856,0.1263,0.0733,0.0,0.0231,0.5802,0.0,2,6,0.4235,2,552,medium,1
0x02cee1b0ef2c8a7d31025b35b0cc271f59815035,85,18,21.0858,1.4513,11692.9961,1885.2606,1493.4464,7640.0295,0.1612,0.7922,41,5,0.7822,0,627,medium,0
0x02d1470908285f35efeb65b00162134ec721118d,7,1,0.0067,82.9117,78.3216,35.6529,0.0,0.0,0.4552,0.0,3,1,0.0,0,83,low,0
0x02d14eafbf2724a0bc5e7c6fb21a799c7e1eb2b5,150,32,79.9454,1.1606,12820.5923,9445.8438,5805.5555,7787.2016,0.7368,0.6146,22,6,1.0,0,294,low,0
0x02d27262a78932e692eb9330646987559670bbda,40,13,81.3157,0.6256,8856.3631,2453.8949,2313.8104,5880.6393,0.2771,0.9429,4,4,0.938,0,117,low,0
0x02d5333d35b155ec5876f3a355b845ce37d2fd04,5,4,57.9659,4.9446,513.6196,175.8521,0.0,1867.8542,0.3424,0.0,1,4,1.0,0,379,medium,0
0x02d77fc7307cd7ec962eda62d25936156a7a6492,78,28,78.7671,6.7841,2814.6768,1705.8454,806.9237,1241.6253,0.6061,0.473,16,6,1.0,0,358,medium,0
0x02d7da92ffbe43fc603bb8b5c5ccc032dc616d51,11,3,1.747,77.6379,100115.6676,38520.5095,38649.1433,97825.3821,0.3848,1.0033,4,3,1.0,0,25,low,0
0x02d86f9846faff28378cbfb438e2f9a87b5e7682,58,8,7.253,96.2224,76686.212,70723.6942,70601.1389,76637.9948,0.9222,0.9983,9,3,1.0,0,10,low,0
0x02d9468f3794ad392949d3ef68750580046d7b79,12,5,44.832,48.9065,6720.9888,2157.3324,0.0,5420.0131,0.321,0.0,2,4,0.0,0,81,low,0
0x02d9cd8f4b86421bfef64deaac6afe246eefaa0b,4,3,103.2152,3.7255,3201.2739,1034.9011,229.1388,0.0,0.3233,0.2214,1,3,1.0,0,250,low,0
0x02debfb86afb43492c458869bd7904a897f08237,256,47,55.8619,0.1488,18571.3388,5226.2542,3503.4922,453.6091,0.2814,0.6704,70,7,1.0,0,639,medium,0
0x02e07cc7e01b1ca69c0a6de55bfd9b99a8f0af3a,49,30,85.7013,13.4412,106451.1241,29102.3467,29362.5668,52687.8716,0.2734,1.0089,2,5,1.0,0,35,low,0
0x02e14b3e880efd1cb8a504540d31d91ca311280c,166,33,100.0065,32.8941,123765.403,44358.4863,34139.6877,137190.0866,0.3584,0.7696,32,6,0.6729,0,75,low,0
0x02e2e0296a3caee924b900b69f7b3ebd16729ecc,43,20,43.6905,80.5643,18044.5105,3930.3135,3966.6589,7217.697,0.2178,1.0092,6,6,0.9203,0,26,low,0
0x02e35b8e24f99002f568f5916de89874197f7a06,90,34,78.9837,14.5087,45443.3142,39747.9064,36461.2228,40001.3801,0.8747,0.9173,16,2,0.0,0,42,low,0
0x02e4ac7c366cf7320bc78b816b162b26d605a4bd,10,7,77.8858,59.1897,381.7249,1937.9232,4818.902,3181.7746,5.0768,2.4866,1,3,0.0,0,4,low,0
0x02e51d6ce16201a28eaa7de9c8c4bfed25b4b081,112,24,46.9891,77.2619,932670.4059,292505.7175,290745.9073,1517115.8348,0.3136,0.994,26,8,0.9948,0,41,low,0
0x02e60b50d9788a17055afec468b5d17a38b6bd9d,104,15,18.2412,81.7345,3426.6312,2678.1829,2174.1987,4356.0833,0.7816,0.8118,41,8,0.8112,0,168,low,0
0x02e6277d21ba364845200b883a7a230f173122a8,102,27,55.969,26.2878,237726.6992,74993.6172,62541.5146,401121.713,0.3155,0.834,10,5,0.2659,0,49,low,0
0x02e7f65e93b4730c3092412e3db85648797316f9,3,2,4.288,17.8734,32170.0,13920.4179,0.0,0.0,0.4327,0.0,2,2,0.0708,0,440,medium,0
0x02eb1a315972d427f890b81fe062aa7aae9bc6bb,14,2,56.4872,88.6297,353.9979,44.5089,44.5089,353.9673,0.1257,1.0,2,5,0.0,0,17,low,0
0x02eb1d753bea18fd83562467a321dcd88d9773f1,32,11,77.5484,4.1041,10224.8409,5706.6403,4194.8403,9544.9314,0.5581,0.7351,6,6,1.0,0,235,low,0
0x02eb2ee0867dc3dfaa3862d0cc86984b6aada907,37,13,30.167,76.9332,4765.5153,3467.5237,1073.6065,1618.7188,0.7276,0.3096,9,5,0.3834,10,1000,high,1
0x02ebc38f9ddaebc16f4a2f4e9c90cee0b9eac910,32,17,77.2218,10.0718,11477.4576,18747.2981,18709.1119,12246.5061,1.6334,0.998,12,6,0.9076,0,239,low,0
0x02ebdd4d10b91e3018c0706a39a02c5fe1c893ef,4,1,0.0012,104.2399,7007.0513,901.1322,901.1322,7007.0513,0.1286,1.0,1,2,1.0,0,11,low,0
0x02eca8cc78b7d30c1ac5e16988ed2c8a9da658d6,167,39,138.0813,3.4696,51258992.2886,38617953.7526,19413864.9186,43620041.5436,0.7534,0.5027,21,8,0.6462,0,59,low,0
0x02eda208efc7d92efeaf7418833c3081a42dd3a1,6,1,0.0198,113.2483,1556.1744,200.0799,200.8541,1569.7422,0.1286,1.0039,2,2,1.0,0,13,low,0
0x02f0e7c42da6ae4eea04c1df5f83f8178d33cc0b,10,5,69.7295,82.1343,9320.7016,2243.5204,2148.3617,7322.6062,0.2407,0.9576,1,4,0.0,0,6,low,0
0x02f11fe7a88805f3afbe76f28d0ee7b090d4e99b,130,23,66.7512,65.2299,817215.6728,402198.7501,402135.8511,489085.2906,0.4922,0.9998,28,7,1.0,0,38,low,0
0x02f17bf76592833beb2418f8246d433f7e4d6fed,2,1,0.001,68.2127,1.5898,0.7313,0.0,0.0,0.46,0.0,1,1,0.0,0,125,low,0
0x02f21b7c148d5fc587a285d2f538f29c36176e52,11,5,18.616,0.9022,50066.2487,22886.1005,0.0,0.0,0.4571,0.0,5,5,1.0,0,775,high,0
0x02f4f3130d02314a16dc81e040a2aa32c8a2b16a,32,14,37.8,72.7496,69110.9519,52933.9027,47513.7764,75497.989,0.7659,0.8976,10,5,0.8989,0,34,low,0
0x02f60da35d5759299b1c4e3b22c7152b318f5664,4,2,32.157,23.4745,5.0801,0.004,0.0,0.0,0.0008,0.0,1,2,0.0,0,316,low,0
0x02f70f05c3a430d0da5e1a5bf45e8dddfaf8b0a8,13,5,20.5117,8.3588,1807.6571,724.3687,345.8972,269.565,0.4007,0.4775,3,3,1.0,0,333,low,0
0x02f7467aecaae0863706f954c7adfe47b5e5f538,15,6,31.2593,91.9594,739.8941,302.6919,270.9743,143.7379,0.4091,0.8952,4,6,1.0,0,47,low,0
0x02fa9380115eeefccd18f91ff806d3d8e3725b32,23,6,24.0469,105.6172,821.8438,1081.2642,1085.5582,2170.34,1.3157,1.004,4,5,1.0,0,16,low,0
0x02faf4316dcb9330751f3677436aa849aa93851b,248,62,117.8085,0.4606,219576.8437,225862.5993,231333.2447,250236.3114,1.0286,1.0242,63,8,0.5107,0,197,low,0
0x02fafec4c577431e5229f01df088cb699a7cc691,22,12,22.2557,66.6612,77.9237,11.5423,10.1168,90.6476,0.1481,0.8765,4,3,0.6073,0,64,low,0
0x02fc557009ff92edbac5bc4c94a989b24008a21f,5,2,34.9835,53.6896,289.422,33.45,0.0,150.0362,0.1156,0.0,1,2,0.0,0,90,low,0
0x02fc75ad4ae6105dc1feec29f49e56347a859c65,40,12,47.8637,34.8817,1828.6926,1039.4674,1034.0778,10109.0285,0.5684,0.9948,11,5,1.0,0,147,low,0
0x02ffad0f8125e76bf4467d78139f1eb0b60f2b8c,2,1,0.0,113.5175,0.0426,0.0057,0.0,0.0,0.1326,0.0,1,1,0.0,0,25,low,0
0x02ffb9b4bbc29f9a59b20c541d369c5add62a5a3,250,34,79.801,51.7771,581476.7375,472576.3515,468868.0082,1316865.915,0.8127,0.9922,40,6,1.0,0,35,low,0
0x0300f68f3c30e4655650d99c845a95e39875b75f,14,3,13.5397,126.3334,86028.8274,73904.816,69917.7772,69706.2771,0.8591,0.9461,5,4,0.9421,0,6,low,0
0x0302e30a5a3a471f99fde37bfa52d3be463461d9,2,1,0.0,114.4204,0.0248,0.0043,0.0,0.0,0.1742,0.0,1,1,0.0,0,25,low,0
0x0302f495deee51627014e73e3b5f937fbdfb2680,6,1,0.0079,76.192,6250.6762,2778.0783,2767.4754,6221.387,0.4444,0.9962,1,1,1.0,0,16,low,0
0x030347c0ef50f625e3172ddeabb921067e85730c,49,24,70.1369,35.0954,36008.7301,52021.8291,51994.4459,86577.4117,1.4447,0.9995,5,5,1.0,0,37,low,0
0x03038ac3f9bc2f1ba227a7e3b42fbd1f376efcf9,2,1,0.0027,77.4541,153.232,30.0559,0.0,0.0,0.1961,0.0,1,2,1.0,0,163,low,0
0x03051aba8bbf9fc5d38ac4554bfae1e84b9dd8ca,5,2,27.7104,72.21,0.2165,0.1064,0.0,0.0,0.4914,0.0,2,5,0.0,1,401,medium,1
0x0305cf6d8af11679eee6aa68c528ed25f837aa4f,26,11,34.8126,77.0748,16392.0828,9951.3421,17613.2109,31222.66,0.6071,1.7699,1,2,0.0,0,2,low,0
0x030745377d953913b2af2a64d961287ff800f7e0,40,3,6.3992,8.602,2334.313,1173.174,887.4643,1412.5469,0.5026,0.7565,9,5,0.3273,0,396,medium,0
0x030888e8fe9f0cbe3ff04c0fda1c0954c6b68822,17,7,6.4843,68.5328,13.0836,153.0875,279.5949,300.0709,11.7007,1.8264,4,5,1.0,0,90,low,0
0x0309146e7b8baefa23f193632ef74602768af954,329,32,53.2347,26.3046,20536.4633,10173.3507,10168.5054,19108.6466,0.4954,0.9995,62,8,0.9943,0,314,low,0
0x030adc0b63a946d3c161f49c8f4d25a526b903b7,14,7,30.2367,31.8619,4028.7578,3337.0616,372.4312,0.0,0.8283,0.1116,9,5,0.0301,0,447,medium,0
0x030d9f55c7f7589034b829a87bf3bd84d6682a18,43,16,55.9489,71.8986,804857.1788,2211581.5916,2215017.155,2988706.2658,2.7478,1.0016,15,4,1.0,0,17,low,0
0x030de3de170036c537b1f7bf6f983220464abe1c,112,27,79.7847,8.961,67379.2784,23662.7377,19133.1855,21565.5423,0.3512,0.8086,21,8,0.99,2,803,high,1
0x030e691d39e2dda9ffb32de5f49fdbf9f590ef00,6,3,24.3211,23.452,2.961,0.4499,0.0,0.0,0.1519,0.0,2,3,0.0,0,411,medium,0
0x031291aa04a24e90fa704ae1a51598944c55de4a,53,14,21.5935,0.0989,447062.3776,319792.1091,0.0,822.7565,0.7153,0.0,20,5,1.0,0,716,high,0
0x0312fa145990146d456380d66ea495a7d014fc86,2,1,0.0007,23.5458,0.0112,0.0056,0.0,0.0,0.5011,0.0,1,1,0.0,0,380,medium,0
0x03148e5d55d5a2382c644e78910d13cdb7218235,11,8,77.1037,0.11,2774.9584,628.1742,247.2776,1453.4241,0.2264,0.3936,2,5,0.6385,0,269,low,0
0x0314d69c14328bed45a45f96a75400f733164e13,162,16,14.6495,27.122,23484.9438,1322.9355,1358.2666,23422.6272,0.0563,1.0267,4,7,0.2615,0,99,low,0
0x03158305104b385e1a566fa7153dfb13da15f410,20,10,30.9847,46.4831,6041.1035,18.294,18.32,5582.1906,0.003,1.0014,1,4,1.0,0,104,low,0
0x03161e579198971cff2dd1769da7758e34b6976c,4,1,0.0003,112.2222,22558.9358,6976.1556,6976.1556,22558.9348,0.3092,1.0,1,2,1.0,0,6,low,0
0x03169fa2a2113de2c90b4823cf8eb7541061d6f0,5,2,17.0973,51.0485,12470.3686,5507.4378,0.0,0.0,0.4416,0.0,2,2,1.0,0,215,low,0
0x0317ecb39406e23837b8b1aad06bc43f10c1be08,4,1,0.0008,110.4783,1766.1796,499.9199,499.9199,1766.179,0.2831,1.0,1,2,1.0,0,10,low,0
0x03188444e0ec5e63d99350baedd479ebcab82f63,430,81,97.843,0.6321,23502.305,10641.6437,9133.3495,14809.6909,0.4528,0.8583,79,7,0.717,0,288,low,0
0x0318b7bf3433dc91fdd0c749b88855f076efd5d5,103,32,76.0413,0.913,65865.8208,62332.2485,44232.9927,152978.6338,0.9464,0.7096,34,6,0.3702,0,277,low,0
0x0318ccfbfae5e2c06b2f533a35acecea13b9909f,73,20,26.7925,83.4491,4113.0861,2021.2948,1752.4848,959.3533,0.4914,0.867,20,7,0.8674,0,87,low,0
0x0318dcf3b0bba28d13e67d6ce8f32eadad011512,2,1,0.0061,1.2974,0.0159,0.0023,0.0,0.0,0.142,0.0,1,2,1.0,0,676,high,0
0x031bc036ec5106ea4f2ca5921d5370a21171a123,4,2,7.1467,16.4399,1.0161,0.2032,0.1989,0.9944,0.2,0.9788,1,1,1.0,0,275,low,0
0x031c7807637ecec27d158bd4156c954e682a2f54,93,30,29.0571,111.9614,1756320.4445,412708.912,416164.5469,1816277.7872,0.235,1.0084,3,4,1.0,0,1,low,0
0x031d132adc8141130bd55be6583edded884497f4,44,22,50.3835,0.7884,2008.0716,834.768,405.9746,500.3854,0.4157,0.4863,6,6,1.0,0,410,medium,0
0x031d2da6a39dfe83c314df7c2e7a74bfad01773b,7,3,28.3523,23.3548,3.363,1.7952,0.0,1.1229,0.5338,0.0,2,2,0.0,0,321,low,0
0x031f584479760bf6a0e6e3246cceadb6e4d66bc0,14,8,104.4734,22.0709,3201.4587,1001.9801,204.8032,248.9982,0.313,0.2044,2,7,1.0,2,705,high,1
0x03205689ad8d8e3838e244f925cf888275ac01c6,54,22,82.1425,0.9411,3739.1223,1401.8381,900.1921,3021.7448,0.3749,0.6422,9,7,1.0,0,352,medium,0
0x0323965dc531ecc76511a24dafca4a502533917b,6,3,51.0572,32.3498,7208.6411,100.6663,100.7611,7006.2051,0.014,1.0009,1,2,1.0,0,91,low,0
0x03247269bad6aa35ef79ff7f674d714c64d26611,29,12,89.6525,12.9503,367.4881,346.4784,206.9183,313.3444,0.9428,0.5972,6,7,1.0,0,322,low,0
0x03251ae9065a02d50230e02b137265157e101c20,3,1,0.1466,127.0688,11253.6978,2931.6938,0.0,0.0,0.2605,0.0,1,1,0.0,0,13,low,0
0x03270912905f63b1b2b99b9a520a86810aa07f89,17,8,27.9159,8.4706,10499.1174,1563.7861,505.2916,7991.3802,0.1489,0.3231,3,3,1.0,0,265,low,0
0x0327344015c02e55ce6f13f90cc132da5d98cd52,2,1,0.001,23.3504,0.0001,0.0,0.0,0.0,0.1,0.0,1,1,0.0,0,341,medium,0
0x0327d880665d0a65bc578a82e9d83f21b993756c,146,28,71.674,50.6625,214244.6908,69351.7688,25921.2687,60976.2157,0.3237,0.3738,34,7,0.3733,0,103,low,0
0x03289bb5b77a418cfbadec78a7c206b1eb6444c5,17,5,58.5587,16.7231,877.3131,302.8285,294.9675,685.0769,0.3452,0.974,3,2,1.0,0,103,low,0
0x032bb3d64f289e35ec8642c9bf2bdad7d73529d0,7,1,0.0033,120.0756,0.2013,0.1162,0.0576,0.0,0.5771,0.4957,3,3,0.0086,0,31,low,0
0x032c4db5f7434fb9e0ea85ccbbff1fa2d7c9d8aa,2,1,0.0064,1.2973,0.0159,0.0023,0.0,0.0,0.142,0.0,1,2,1.0,0,676,high,0
0x032c56e52d2cd8be4256cba3c631931d1e3b07cb,37,23,97.8337,0.3133,3876.2348,1203.0806,1199.6423,6389.5224,0.3104,0.9971,4,7,1.0,0,181,low,0
0x032f074dddcb996b0da95402800653a1c1c5bf37,3,1,0.0022,23.545,0.5596,0.2798,0.2798,0.0,0.5,1.0,1,2,1.0,0,336,medium,0
0x032f904c1f675add398dcb3733acf36b84b79c95,108,21,29.1455,0.7069,243023.277,271182.3233,226303.4818,191236.1476,1.1159,0.8345,28,6,1.0,0,386,medium,0
0x03310baf844bfe66aadd339c73f9229f35aa4c6d,203,29,71.8685,64.9818,12496883.5775,8183090.7291,7103455.1535,11045435.3137,0.6548,0.8681,59,7,0.8695,0,34,low,0
0x033185ecc07fe116859d5fc721802d724b85c4e7,19,3,10.2088,72.791,355.3744,211.6144,210.3307,331.622,0.5955,0.9939,3,2,1.0,0,32,low,0
0x0332be92c16b30591296507a665a164c4966b425,2,1,0.0002,19.4418,0.075,0.015,0.0,0.0,0.2,0.0,1,1,0.0,0,385,medium,0
0x0332d875f3fc0475474548dcf29f23591cb14d29,2,1,0.0063,1.2974,0.0159,0.0023,0.0,0.0,0.142,0.0,1,2,1.0,0,676,high,0
0x0333a10f65956afcbd633c517c2a6dd3ced00a40,9,2,0.9643,84.2332,89927.613,30483.9207,30512.7995,166712.3669,0.339,1.0009,2,2,1.0,0,11,low,0
0x0333fbf46d16ea6d26c6a09503cc3c0c1e7c95c8,3,2,24.0016,79.7871,2.8778,1.001,0.0,0.0,0.3478,0.0,1,2,1.0,0,104,low,0
0x0334eca378b5c3ca56c8cbef990eec2e3a30a7cf,33,10,69.0433,1.7676,29945.7897,9962.8866,655.6481,2908.2242,0.3327,0.0658,10,5,1.0,0,443,medium,0
0x0335a3481a074ead996574587714af349a114013,13,3,77.4604,7.6737,993.5956,498.2127,500.9042,3426.3432,0.5014,1.0054,1,5,1.0,0,112,low,0
0x0335f428955506d0c06d18b8fa5a8aabf7462e59,44,16,96.3378,2.6415,651.5666,434.8493,141.0725,52.5111,0.6674,0.3244,13,8,1.0,0,607,medium,0
0x03365fa521cc5ece8b1f7ed1fb00bd4637b01781,2,1,0.0011,23.6533,0.2273,0.0568,0.0,0.0,0.25,0.0,1,1,0.0,0,361,medium,0
0x03369f6db2e2e77a2ef92b6295d6989cd68b8491,2,1,0.0012,23.2575,0.9996,0.1999,0.0,0.0,0.2,0.0,1,1,1.0,0,472,medium,0
0x0337cbd1a09ae0c4e7f802c0ce2cffe880ef49ba,56,8,7.1049,79.7342,7157.1079,3229.596,3236.9176,8042.0282,0.4512,1.0023,8,4,1.0,0,31,low,0
0x0337dcbc6f5f2c2ca665fdd487f7d8f23c305b08,74,12,49.353,91.7785,32151.2536,18216.9062,17912.5616,31312.5246,0.5666,0.9833,19,5,0.8696,0,20,low,0
0x0338413ee756d4e561f073b1767e6bf5e18393e9,8,2,1.6857,74.1207,607.5883,497.9798,500.0321,609.9938,0.8196,1.0041,1,2,1.0,0,25,low,0
0x03387d5015f88aea995e790f18ef7ff9dfa0943c,6,3,9.4303,103.8907,384833.6081,139928.5911,141397.1491,261613.6153,0.3636,1.0105,1,2,1.0,0,4,low,0
0x0338e55ea1a26c84ffd70d7c79d8094ac36b6148,36,21,58.5963,49.2547,3048.6556,354.458,200.5622,1587.1182,0.1163,0.5658,2,4,0.5656,0,36,low,0
0x033a0f17fb49d292785f02b959227cf5cf50f21a,27,5,6.6311,75.3648,3886.1255,1274.4968,1207.5847,2957.2311,0.328,0.9475,5,4,0.9424,0,43,low,0
0x033a10f0fa3a846f441f7d7469a2352f910443ad,62,3,2.1151,12.0375,117.8271,55.8183,56.2759,97.0349,0.4737,1.0082,12,2,0.5653,0,311,low,0
0x033cd435e2bdf5227787d54d46c9231cf529acd6,3,1,0.0006,91.5912,0.0179,0.001,0.0,0.0,0.0559,0.0,1,3,1.0,0,96,low,0
0x033dc008e1ab5d7004e8fabfd834f841a89c7e10,47,27,126.1931,13.3291,178421.0398,93844.2726,2006.1355,13882.5118,0.526,0.0214,8,5,0.0,0,80,low,0
0x033df985bd88c096ceb0bae2545d35f18eecdfb4,4,1,0.0344,63.0797,7.7339,1.9982,2.0022,0.0,0.2584,1.002,1,2,1.0,0,108,low,0
0x033e036bda697d7a7615dcd04cf7f1883904fc6c,5,3,16.3743,29.0664,28645.1691,12651.6199,0.0,0.0,0.4417,0.0,3,4,1.0,0,530,medium,0
0x033ea4c2e32eab510cb29d8c492dd4c1171cea50,21,5,76.9528,11.7157,2239.4341,1089.7703,1083.276,2217.0969,0.4866,0.994,4,3,1.0,0,106,low,0
0x033ffcf5d843a16da224f62b5cb1c4980310f796,136,53,57.1239,70.2162,282698.2466,245648.5112,246289.8281,484739.4179,0.8689,1.0026,30,7,1.0,0,34,low,0
0x03402343d6192caec409b0570cf59905969adc2a,104,28,74.8999,14.0711,7448.8841,10628.1355,9457.6378,744.0522,1.4268,0.8899,34,7,0.961,0,386,medium,0
0x0340af84322e83ae445c375c10a6ac90989b85f6,128,15,30.6826,93.1224,24996.3134,12612.168,12566.3978,33771.27,0.5046,0.9964,26,7,1.0,0,39,low,0
0x0340c0b1ef5d48083ac0afb00322b38b21f0d8db,31,8,51.4475,37.0952,45982.7296,31878.4432,40152.1063,58706.7407,0.6933,1.2595,8,2,0.0,0,24,low,0
0x03413203ef38895fb2661a62046949893ae9fd6b,20,7,8.1856,94.1631,19888.7554,18115.2814,18082.6847,19858.6867,0.9108,0.9982,2,3,1.0,0,8,low,0
0x0341ab2d783648be716fa78a48eedf13f151335e,26,14,74.506,11.4725,881.3989,348.9408,249.4841,335.7278,0.3959,0.715,5,4,1.0,0,198,low,0
0x0344e6dc73a4128d7a889509a13c3dd25b4b688a,12,1,0.0309,113.0033,916.2714,452.9487,0.0,0.0,0.4943,0.0,6,1,0.0,0,36,low,0
0x03478c0564936f7a51138d28d1cdce99855c2b7f,5,4,7.5396,72.226,5312.0951,3510.8121,0.0,0.0,0.6609,0.0,1,3,1.0,2,561,medium,1
0x03482e6aaf23d9367aea1e306ffba42bc7fbe9fd,4,1,0.0029,141.2495,102.8045,35.0844,35.0844,103.2113,0.3413,1.0,1,2,1.0,0,5,low,0
0x03485453f0b0511dd6bd4173ad05093b1e0313de,30,8,83.2886,45.224,16591.8458,8064.3393,294.3204,0.0,0.486,0.0365,12,5,0.4086,2,719,high,1
0x034961ef5fd3f25dbb91440ad3ce0a119e875847,44,9,107.0384,3.8851,6672.5286,1528.4395,1.3925,3619.1072,0.2291,0.0009,13,5,0.0009,0,327,low,0
0x034a4081df0c5a039d05113a7d0b334083a7b084,16,7,10.3323,112.2207,52638.8847,17169.4146,7029.2819,4183.4642,0.3262,0.4094,3,5,0.501,0,13,low,0
0x034aff341d97429136304f3021e8f27975de3da0,53,27,103.9962,1.7945,18646.4657,17353.0688,13575.2531,402.4787,0.9306,0.7823,22,4,0.9361,1,498,medium,1
0x034b054426cd05f70ea0d98d35083ac73322b939,17,7,63.696,24.0694,1947.8834,2034.434,1019.7926,1098.9784,1.0444,0.5013,5,3,1.0,0,149,low,0
0x034b2fd624f4895fc932ed31ed63d8be06b82c08,156,39,86.9509,0.1641,1831712.5923,1360210.7484,502869.1659,787831.2883,0.7426,0.3697,52,8,0.7956,0,387,medium,0
0x034c69160676cd0f0ee35719a93343ea066e31a4,24,12,96.9831,27.0361,219630.3896,78419.3189,78391.7993,259688.5747,0.3571,0.9996,3,4,1.0,0,25,low,0
0x034f5434e14148a554c38f72118239d3b4078888,21,5,63.7287,80.5134,590.467,31.7413,31.3006,575.9571,0.0538,0.9861,4,5,0.1889,0,31,low,0
0x0350520a1e54dd49848db2ee24540713f2620c55,4,1,0.0004,112.2806,18733.1981,6891.9452,6846.4004,18609.4002,0.3679,0.9934,1,2,1.0,0,6,low,0
0x0351b0b81fdd1db5dad0617d97c598cd3c37baaf,255,68,90.8618,0.1217,12165.4255,4641.9988,4396.4487,13592.2184,0.3816,0.9471,45,8,0.8872,1,620,medium,1
0x0351c5599f6d7a0306c02e5c5b3b76f789b395a0,82,27,62.1109,24.5167,8863655.7992,2471401.0563,976548.5431,1641312.2121,0.2788,0.3951,19,6,0.9994,0,129,low,0
0x0351c94cae69947448969ca8b6fef20dfe14203b,49,8,15.6892,89.0817,211934.5813,273845.6072,273461.949,211950.2956,1.2921,0.9986,10,5,0.9081,0,17,low,0
0x03526fc1075e3c4f3dceac665a7141606eb11ae9,4,3,20.0684,107.1403,443.3752,233.4463,0.0,0.0,0.5265,0.0,1,2,0.0,0,24,low,0
0x0354a4de7462a6987cb9390d5bd065c9b98d34cf,17,6,10.5462,80.3662,724.952,149.9381,149.8024,644.0105,0.2068,0.9991,2,3,1.0,0,26,low,0
0x035648071a7ebb842fc55a01e44ce01ab8b844ed,159,37,82.0812,7.6426,16591.3995,3911.6339,3932.8211,11746.2929,0.2358,1.0054,29,8,0.7615,0,316,low,0
0x0356ece0b66df94ba8448075d0aa26453dd406cc,48,16,74.458,8.9705,4249.2639,3596.7244,1349.7589,217.1582,0.8464,0.3753,16,8,0.9433,0,570,medium,0
0x03572f17c8e8ac3d5e5f767bff74dca89f310225,4,2,22.0606,23.5009,1.0475,0.6715,0.0,0.0,0.6411,0.0,3,2,0.0,0,470,medium,0
0x0357c980e66e6ef343a35715138b7670b0ae74c5,55,35,100.6317,0.3427,476568.6523,82843.7496,57666.4191,817826.1408,0.1738,0.6961,9,6,1.0,0,133,low,0
0x0357ee511a77d1981d2d79e076f9608be771c85b,77,20,107.5683,23.4279,148882.2982,86264.3775,86265.2433,95646.3252,0.5794,1.0,22,5,1.0,0,77,low,0
0x0358c2ab1c477f338776d96c01a0a53f9dba4d0f,12,5,12.3089,68.7223,1114.9092,310.1351,310.2457,222.6043,0.2782,1.0004,2,4,1.0,0,53,low,0
0x035a38a537384f981b611cc598f9f36cdc3542dc,3,2,2.0145,77.1228,535.2073,100.3633,100.2723,0.0,0.1875,0.9991,1,2,1.0,0,61,low,0
0x035abc4c74e4a03de41fc5cce6c13e10e6d569dc,5,1,0.0087,62.6249,402.2312,65.3001,65.0003,201.1156,0.1623,0.9954,1,2,1.0,0,62,low,0
0x035b27ed461b13990c0b9ed0e01c08d0d44cd033,15,5,68.9486,9.7164,15213.8177,11974.9912,12077.5048,15050.9689,0.7871,1.0086,5,4,1.0,0,145,low,0
0x035b32173c6beca69608dc1b5740bfec727c5d82,57,8,19.3553,115.227,707139.2872,522725.5477,526473.8695,893884.3115,0.7392,1.0072,13,2,1.0,0,3,low,0
0x035bc96201666333294c5a04395bb3618a2b6a11,63,10,80.5729,8.8902,3638.236,1370.6867,1250.575,1825.244,0.3767,0.9124,16,7,0.989,0,360,medium,0
0x035d5e9aef9c24c42764a90b1ef6207d22fda0e7,137,51,125.5588,1.4515,287354.9962,190059.4094,89133.8921,392738.5934,0.6614,0.469,28,7,1.0,0,178,low,0
0x035daa8f8ad585b1059d5fe5476e2bf4237218de,8,5,13.0555,68.3133,525.1132,84.7624,84.842,40.1039,0.1614,1.0009,2,2,1.0,0,54,low,0
0x035e72ef297547349d8ce3573ebb8e10dc639816,46,10,48.0978,69.2936,10341704.0583,8344259.394,8426415.6417,10447631.8444,0.8069,1.0098,9,5,0.0017,0,8,low,0
0x035f4a089e99bb14fa010a6ce80e9640e1dd01fc,10,3,21.7284,60.0107,1114.6858,400.2769,200.4835,765.7598,0.3591,0.5009,1,4,1.0,1,169,low,1
0x035fc3b0ec2487c1c9def561f578ec77a06b1b12,27,14,113.5397,26.9675,19997.4317,11963.2774,5978.2081,114409.5142,0.5982,0.4997,2,7,1.0,1,144,low,1
0x03604e6625fec18f298ecf393cfd70b2d8bfc0bf,9,1,0.3369,0.7848,5750.5153,2570.1825,0.0,0.0,0.4469,0.0,4,2,1.0,0,699,high,0
0x03607361b844e659f4e8846af200074e219513e2,24,11,83.7638,19.4047,820.2569,282.7477,220.6425,0.0,0.3447,0.7804,9,4,1.0,0,289,low,0
0x036161ee78969e00d3ea480f2139357fd77247ac,52,22,59.028,53.8981,128250.8157,125521.6753,114599.7769,225834.6904,0.9787,0.913,15,6,1.0,0,57,low,0
0x03630da783ae465b0afb812f7bc6374d677b0829,24,10,59.6633,18.9932,2398.3082,1855.0681,1991.6064,937.9153,0.7735,1.0736,6,4,0.2695,0,114,low,0
0x0363839d89014a84d63a029b6c5d540344453b64,2,1,0.0,114.2891,0.0199,0.0046,0.0,0.0,0.2326,0.0,1,1,0.0,0,26,low,0
0x0365ad837b20583a235b652cfce03987561c9948,53,23,66.8648,1.2577,2076.3509,620.98,71.1657,334.623,0.2991,0.1146,9,6,1.0,0,505,medium,0
0x0366521285f902c5b10a6f1ace37a70d68e0e0bf,26,17,33.0031,0.775,2588.7395,1001.3999,406.861,1246.9054,0.3868,0.4063,3,6,1.0,0,410,medium,0
0x036808e8efef543ac49c40a2b6d98f8f36798a91,144,14,13.4104,34.2165,4087710.1657,4075751.6158,2565994.4931,4145656.1509,0.9971,0.6296,43,7,0.0,0,167,low,0
0x0369a18568f22c77ec0780cb9b79402e64fe8b89,25,10,33.6771,2.231,2152.9802,252.1675,38.7322,845.1356,0.1171,0.1536,5,6,1.0,0,618,medium,0
0x036a310b351f1d24dc5891a9f7ddc1e42ced51fd,120,41,76.9093,0.2094,4419.9289,3725.606,1681.3873,2274.1743,0.8429,0.4513,32,7,1.0,0,525,medium,0
0x036ac8829034821015a1181efb8f8e4357af3df6,3,1,0.0006,91.3414,0.0184,0.001,0.0,0.0,0.0545,0.0,1,3,1.0,0,97,low,0
0x036da3aa7d31181bf0fb4f0bc128b04a7bdcc08d,4,1,0.0025,128.343,2891.6398,893.5951,893.5951,2891.6398,0.309,1.0,1,2,0.0,0,3,low,0
0x036dbbd11bf2958377e459cb75fec9bb9944785a,47,23,110.0381,13.8667,2887.5282,435.9397,380.6409,2854.4901,0.151,0.8732,3,8,0.8729,0,127,low,0
0x036fcf32222c17667b562b427acb2bcd737a0db9,4,1,0.0009,127.6243,4021.7231,693.9192,693.9192,4021.7231,0.1725,1.0,1,2,1.0,0,5,low,0
0x0371229099726879e47c045aca027e0a27d3c5d1,7,5,68.6647,12.2001,10270.3182,1989.6448,496.8156,0.0,0.1937,0.2497,2,3,1.0,0,296,low,0
0x0371aa0fd3c1791c05b6d73896a7d2e84e4ee646,2,1,0.0,110.4096,0.0446,0.005,0.0,0.0,0.1117,0.0,1,2,1.0,0,51,low,0
0x03725af1b7357c622c2a91a28df41d8217941180,2,1,0.0042,6.924,0.0704,0.0141,0.0,0.0,0.2,0.0,1,1,0.0,0,487,medium,0
0x03733ca219c6418adba6f120daca918eb3f67738,49,10,29.6587,57.2559,53003.8867,22157.1101,10464.2254,0.0,0.418,0.4723,18,5,0.292,0,185,low,0
0x037343879ca2c1d0078038549ee042046f32243f,21,4,4.5704,99.5042,100150.0692,61325.3016,7765.0612,0.0,0.6123,0.1266,7,3,0.4503,2,296,low,1
0x03740d9e1c042fc41e995e59da9ca953d3d68fd9,37,8,74.9518,21.9953,33394.0382,14149.9113,2431.628,2927.2162,0.4237,0.1718,14,5,1.0,0,286,low,0
0x03761263846e6a598e667e6a573ed86fabff8953,4,1,0.001,101.3216,7108.2891,2539.9925,2539.9925,7108.2891,0.3573,1.0,1,2,0.0,0,7,low,0
0x037949068f0cff6d57d7253398e60577ccd86dd3,11,5,57.2715,29.8886,3296.4111,301.1849,303.2293,2522.2769,0.0914,1.0068,1,5,1.0,0,95,low,0
0x03796fa1bf321bf02cb48969723afe7e0cdb5e55,9,4,29.3871,55.665,4174.2427,1501.1474,1502.0577,7682.5759,0.3596,1.0006,1,3,1.0,0,29,low,0
0x037a28da412268621439c31fd0d54dbb511d47b4,4,1,0.0017,133.1531,1671.6199,631.1902,631.1902,1671.6199,0.3776,1.0,1,2,1.0,0,4,low,0
0x037a43f01b3c2a2acd60510c1b893e94cb64333d,12,3,6.6772,102.9587,2785.0737,4247.9515,4260.2206,2816.5196,1.5253,1.0029,3,3,1.0,0,13,low,0
0x037bef2da33513cfb998e36894d073773d3285f8,92,13,74.565,65.4853,4118422.7434,3206432.0787,3637485.7754,6261136.5673,0.7786,1.1344,20,5,0.2187,0,10,low,0
0x037bf6a1e7b137f824f46313317e033ffeceb613,172,57,111.4329,26.8697,207842.3242,66107.503,64206.6941,95908.9961,0.3181,0.9712,22,7,0.9198,0,61,low,0
0x037cdd64f9b2e00fc6b7a1aa3e6152aff8718540,2,1,0.0018,125.9078,26.4572,6.4304,0.0,0.0,0.2431,0.0,1,2,0.0,0,26,low,0
0x037d9c5bcc88932c6dfdde923043f1fa065a1c69,9,4,44.5144,69.6637,654.9303,128.3015,0.0,0.0,0.1959,0.0,3,4,1.0,0,175,low,0
0x037e2fd9f7f79e38cd027e6ad4212d2d697eae60,38,14,53.5458,24.6939,787.6459,360.1158,218.7071,218.7127,0.4572,0.6073,10,3,0.6,0,180,low,0
0x037e908997841df68afb48eb1c9a6e441310abf5,9,2,3.9777,63.6357,5.3793,242.2683,484.0832,450.492,45.0371,1.9981,1,2,1.0,0,47,low,0
0x03807e5ca6505683c96cc30bc71c018b4b0f3f38,32,8,76.0083,17.6366,2978.946,1155.7238,419.469,439.367,0.388,0.3629,10,4,0.2201,0,210,low,0
0x03827daa642b7e409e4d08fb34836c22d0a3556b,218,45,81.3026,0.6245,2125.4458,1085.2323,624.6103,867.5015,0.5106,0.5756,34,8,0.4151,3,961,high,1
0x03842b4c71c18188191cad1cb9a8dab32d2eab7e,28,14,124.8412,0.8241,12927.3102,7906.9462,3625.2219,4354.4542,0.6116,0.4585,14,3,0.526,0,166,low,0
0x03846bf20ade32e9b95d925fe47bd2279c5a88b7,9,3,67.8353,0.627,2.7495,1.5808,0.3045,0.0,0.5749,0.1926,4,2,0.0,0,440,medium,0
0x0384f296396564cdd310bb398e1dc8a98fb3b137,6,2,7.5572,80.7886,12179.2749,9682.9619,9702.7037,12200.8838,0.795,1.002,1,1,1.0,0,10,low,0
0x03851f30cc29d86ee87a492f037b16642838a357,98,11,67.1549,26.3865,101759.2961,81260.5726,83666.2221,104754.0859,0.7986,1.0296,33,7,0.0,0,149,low,0
0x03867a6c590972095f2c82dedede42a62f46952a,75,23,88.9899,39.005,246447.1761,13853.985,9998.7818,152787.644,0.0562,0.7217,6,4,0.7209,0,28,low,0
0x03886228bb749eeba43426d2d6b70eba472f4876,33,16,79.2824,44.6819,3866.5061,483.9085,0.0,1097.3947,0.1252,0.0,4,4,0.0,0,75,low,0
0x0388efdfbd5f519f6c63319b5710d5231dd64868,10,4,72.482,8.1759,11936.9252,3208.2446,1261.5411,0.0,0.2688,0.3932,2,3,1.0,0,245,low,0
0x03894d4ac41dd6c4c2f524ed4417c90fa46972c6,5,3,32.0471,23.5924,2.847,0.1137,0.0,0.0,0.0399,0.0,1,2,0.0,0,275,low,0
0x038a122489ebd2bf9968e02d1203258b49e4832e,6,2,17.3496,107.0671,321.8086,128.7558,0.0,0.0,0.4001,0.0,2,3,0.0,2,274,low,1
0x038b15767ebe38fc2002b8c597ec9054021dcf7c,51,16,49.4211,10.4982,98826.9921,225697.554,194541.7439,68026.8909,2.2838,0.862,12,7,0.9055,0,270,low,0
0x038c266d54f2a143b8604343bcaf28caba4e8939,29,10,79.3949,9.0507,1614.1053,808.5873,751.537,3637.0429,0.501,0.9294,6,4,0.9267,0,153,low,0
0x038ca2dcaf884d02dd1deae89bf23a7831fb1179,47,19,106.1766,6.3366,29452.7239,8401.1416,8462.002,8412.1797,0.2852,1.0072,8,8,1.0,0,204,low,0
0x038db6c62d0f072616e2b8db7d3d7cfc829f7f65,24,6,38.2574,102.937,94808.6798,49231.4315,46534.7625,86601.8107,0.5193,0.9452,4,4,0.4482,0,5,low,0
0x038e8cdb75c6677cfed6854e8b315066f9a909f0,18,7,9.0599,99.5741,7039.3491,966.0277,965.2358,2477.2027,0.1372,0.9992,4,4,1.0,0,22,low,0
0x038f1867a56cad72bce4c0a462a3fd4e4a4b3dd1,25,6,7.2493,121.5067,2000.4208,780.5205,780.2149,4766.005,0.3902,0.9996,2,3,1.0,0,4,low,0
0x0390969e6ddcc17e2ca8813d9f38e276b76c5113,33,15,60.6392,15.6865,483629.6489,499087.0774,396765.8034,174314.1346,1.032,0.795,10,4,0.7086,0,99,low,0
0x03917b0fc420092b18dcb24e719f44600211eb45,14,3,70.9291,24.9501,3350.6489,199.9788,202.5136,964.4887,0.0597,1.0127,1,5,1.0,0,101,low,0
0x03922322741e50ee5a589aedc9fc7ed74a3e1e32,58,12,51.8433,40.3323,89598.6474,83825.2247,83932.2061,89761.5192,0.9356,1.0013,12,4,1.0,0,54,low,0
0x0392c0d81934b52f64aa50c2cfbbcf28cd6141b2,13,6,24.2266,102.9076,138950.227,66664.5901,21265.3838,11415.7,0.4798,0.319,5,2,0.0,0,9,low,0
0x0392ea959f551f01d432e1fa26110ef69d55e4c1,52,15,84.4995,3.8338,38157.0897,27542.6936,6484.7632,11970.5249,0.7218,0.2354,9,4,0.0477,0,140,low,0
0x03951f5c12a3b8c7fa09e115024d376077b17720,2,1,0.0009,7.4991,0.0185,0.004,0.0,0.0,0.2138,0.0,1,2,1.0,0,637,medium,0
0x03972ff1fbbc42f532dbfc16e0bfbeec5cb9007d,7,2,1.0808,136.7985,12.8408,5.6189,5.3486,12.942,0.4376,0.9519,3,2,0.0,0,8,low,0
0x0398b107763c8e7fae5183241d383440ea3623da,13,4,19.9311,43.7967,747.107,249.5255,150.3134,387.3438,0.334,0.6024,2,4,1.0,2,584,medium,1
0x039a33aca90ecfc1b97f88de30264ebd84cc7c22,189,32,55.6666,79.377,40555.6602,29244.669,12232.7485,15279.3463,0.7211,0.4183,68,3,0.8214,0,43,low,0
0x039b0cac8f2257a805ae79431fc6daf67bd235fa,29,3,41.6526,67.3518,509.2359,309.7565,309.686,509.2975,0.6083,0.9998,9,2,1.0,0,43,low,0
0x039b27c7e5771ee0108c87b4162999bea4dd1831,18,6,68.5701,12.7973,10323.3193,4358.3472,1759.8648,5505.2682,0.4222,0.4038,5,4,1.0,0,208,low,0
0x039c7320956110b7e9e350d382a354d6ace8d2c0,2,1,0.0006,23.4411,0.5651,0.2261,0.0,0.0,0.4,0.0,1,1,0.0,0,381,medium,0
0x039e2604295ba89a83588107391aed3cce36b97f,20,11,60.6433,15.8084,51836.4258,16971.7616,594.6109,0.0,0.3274,0.035,5,3,1.0,0,309,low,0
0x039e8cb6cf84518696939ea80ff8e021b871fde9,107,22,76.4478,4.5352,118.2489,92.4018,3.2671,2.6299,0.7814,0.0354,25,7,0.7492,0,727,high,0
0x039ec0b36450e9b2c5f59a3a6fe991469ac744f2,9,2,0.1104,13.6581,314.5699,67.0411,7.1199,0.0,0.2131,0.1062,4,4,0.6162,0,692,high,0
0x039eda3933ce405c2ff54a93a7afa07c08030164,7,4,65.6045,12.9554,659.2341,146.1705,0.0,420.9363,0.2217,0.0,1,3,0.0,0,185,low,0
0x039f620be875aa9c3d70fe9cf27a7c9192a8001c,12,3,30.0751,2.0704,244.3621,184.705,195.3863,235.8176,0.7559,1.0578,2,1,1.0,0,171,low,0
0x03a151746661bea0942281ec949de76eb6b4f6f2,31,2,1.3538,81.1799,206.2886,70.9613,100.9337,197.7069,0.344,1.4224,6,3,1.0,0,37,low,0
0x03a27a0bd8c8451480e04535690cf131423836e3,19,3,47.0255,44.4104,9564.3812,4255.5451,4157.4973,4155.6001,0.4449,0.977,4,3,0.9785,0,50,low,0
0x03a3d0eb17509dc9fb2a892ac1eab68419deb19b,19,9,80.4373,7.1219,2468.0181,450.1752,450.3786,2400.4844,0.1824,1.0005,1,6,1.0,0,125,low,0
0x03a493d043b71da48fd882161dae488abe112432,30,6,62.6756,18.9451,5413.5602,2614.6245,2618.8139,6919.5054,0.483,1.0016,7,3,1.0,0,107,low,0
0x03a5bdbd5a37ee782e9203811d227342c3fcfb73,4,2,19.63,23.3976,3.3631,1.1506,0.0,2.291,0.3421,0.0,1,2,0.0,0,311,low,0
0x03a673e4a53120a0f6f57e49b202f38553917136,7,2,23.9293,61.2677,1291.6596,598.6631,0.0,484.8952,0.4635,0.0,3,3,1.0,0,155,low,0
0x03aaab0b6729ec7ff3d23d34ae2249c4f0e7c9eb,14,5,7.5146,37.5574,56.2163,543.1549,611.4646,163.7087,9.6619,1.1258,4,5,0.4238,2,767,high,1
0x03aad34b8d729c000e980d676b5012ce024e6ba4,2,1,0.0,109.6508,0.0367,0.005,0.0,0.0,0.1352,0.0,1,2,1.0,0,52,low,0
0x03ab5739cf27680d40bdfa8778a63a9239badc40,2,1,0.0,114.2752,0.0218,0.0048,0.0,0.0,0.2183,0.0,1,1,0.0,0,25,low,0
0x03abec9490d905b2e93c469e7f7409b085bfff8a,2,1,0.0253,21.6735,822.5817,66.4444,0.0,0.0,0.0808,0.0,1,1,0.0,0,422,medium,0
0x03ae6e3226c9fe470b638eaa1301965c613b8b6b,61,17,37.789,107.2879,63148.8581,115031.3314,98926.1557,20006.9834,1.8216,0.86,28,6,0.82,0,26,low,0
0x03aece912e043486c58feb7ee838bc643800a066,2,1,0.0,111.4997,0.0393,0.005,0.0,0.0,0.1277,0.0,1,2,1.0,0,49,low,0
0x03af198dc04505a7210ae1e87d6d1d930f7a748b,13,7,62.2253,61.8967,181472.6571,100156.162,100837.8693,209835.9698,0.5519,1.0068,2,2,1.0,0,8,low,0
0x03af63559532b015e76b2e70f6940304be09784f,4,1,0.0014,133.5822,7105.3745,2993.0094,2993.0094,7129.1814,0.4212,1.0,1,2,1.0,0,3,low,0
0x03afb65a1a79e2009632369e39662d985335c00e,2,1,0.0021,25.3654,0.3473,0.1736,0.0,0.0,0.5,0.0,1,1,0.0,0,370,medium,0
0x03afea88bde96d8970727d0ebfd30f6ba1e8cdb4,2,1,0.0,117.3285,0.0288,0.0038,0.0,0.0,0.1316,0.0,1,1,0.0,0,22,low,0
0x03b16ab6e23bdbeeab719d8e4c49d63674876253,597,83,141.6518,0.3889,3361338.6087,1870009.4401,1864271.266,3359900.3873,0.5563,0.9969,147,7,1.0,0,127,low,0
0x03b22fab64e1cc7c11bc828c5f093bd7d70c4348,8,4,21.9871,57.965,83.1913,11.418,0.0,32.0717,0.1373,0.0,2,2,0.0,0,117,low,0
0x03b308b0091c8d1fec5406cff741352a2e66ae28,15,7,67.4654,12.1336,8825.7895,3929.8013,0.0,0.0,0.4453,0.0,5,3,1.0,1,698,high,1
0x03b5a8ea2afbc9930f089836fdcd4863b4dd2b92,20,7,16.8654,74.1707,360.4509,261.6984,261.6672,615.0462,0.726,0.9999,7,2,1.0,0,45,low,0
0x03b71fecdeb2185c5fdf464a836334291f552fbb,4,1,0.0029,133.4266,7810.624,2971.116,2971.116,7816.2575,0.3804,1.0,1,2,0.0,0,2,low,0
0x03b79d2f2b47661e29b11605b55e34e7ac5f011d,17,1,0.0347,74.379,0.1761,440.9881,881.8675,597.8008,100.0,1.9998,1,3,1.0,0,30,low,0
0x03b90ee77fc31114c5b5cbd363059db6066cca7d,86,26,114.634,15.0773,241185.4511,190708.9435,68989.0256,76912.4182,0.7907,0.3618,28,7,0.2246,0,170,low,0
0x03baaf9745e06fa191a150be5688501cd210a274,4,1,0.0023,109.5796,7704.0094,895.4873,895.4873,7704.0094,0.1162,1.0,1,2,1.0,0,9,low,0
0x03bba88fca87ddd3ddcc4ee0efec1e046dd41a98,2,1,0.001,19.3633,0.0753,0.0151,0.0,0.0,0.2,0.0,1,1,0.0,0,386,medium,0
0x03bc4c7bb35b0d8209c157b761da5beeb576cf2a,653,38,71.8659,13.8648,49085.8374,11467.7354,6218.0453,13523.2663,0.2336,0.5422,138,8,0.6103,1,749,high,1
0x03bcc3e7b883f353380babdb76bd914630954a09,214,53,86.3823,0.7849,12481.7921,9329.1944,7937.597,24299.4805,0.7474,0.8508,37,7,1.0,0,306,low,0
0x03bd0c6e69bfd5edc3739a7003a9d28c58e57f80,34,8,94.7361,7.3861,1240874.7443,984411.5026,800966.369,1009637.9029,0.7933,0.8136,8,1,1.0,0,35,low,0
0x03bd66e09647f5fc607fd45059bee1c42f8bf9e8,3,2,3.7259,19.6864,0.1141,0.031,0.031,0.0,0.2715,1.0,1,2,1.0,0,331,low,0
0x03bf7fd823908e56c8785e4c7ebfc46fc6a6e41b,175,73,97.922,0.2138,3431906.5083,1317609.1607,462767.6977,848340.8895,0.3839,0.3512,34,7,0.7103,0,189,low,0
0x03c04b194242507de3d845887c6c36bdcf3121df,83,44,147.1133,0.5538,17574.4989,8627.6993,3146.8822,6914.4532,0.4909,0.3647,17,6,0.9078,0,179,low,0
0x03c1f86a157ef2f7baaa6fa37351833d7833c4e9,9,2,3.179,76.2998,40820.4444,23685.9258,0.0,12859.3129,0.5802,0.0,2,4,0.0,0,53,low,0
0x03c2bfd2509de9b13d0124015077e100a292336d,2,1,0.0009,132.1716,3.25,1.5925,0.0,0.0,0.49,0.0,1,1,0.0,0,17,low,0
0x03c383f45deeb131f370304336603fda77eb9620,19,3,9.6503,77.9494,7061.68,3005.9276,3001.9273,8562.0398,0.4257,0.9987,4,4,1.0,0,33,low,0
0x03c48ba8fcd46b9b4419cd57063978769efb8de8,34,4,20.4355,120.8535,25204.7187,15571.5084,11773.8185,16898.375,0.6178,0.7561,10,4,0.0,0,7,low,0
0x03c559e75e6f0340dd23559fb19758584a3774a0,22,14,15.4167,75.9247,110.1542,50.497,43.8418,91.2658,0.4584,0.8682,3,2,0.0,0,22,low,0
0x03c5c835b457a754d82a5aa92f684743edc9b4df,8,6,26.867,45.3566,189.9347,30.0818,0.0,129.6513,0.1584,0.0,1,3,1.0,0,175,low,0
0x03c65122e67c382ac316312ec5ffc1efdd1df219,4,1,0.0012,110.3323,8573.4198,1117.4684,1116.0334,8612.0414,0.1303,0.9987,1,2,1.0,0,9,low,0
0x03c860ca0b89eb6669102657b218372e4fc0e460,23,3,9.3943,1.3264,5277.3704,3310.8984,650.5748,660.3113,0.6274,0.1965,9,4,0.9982,0,618,medium,0
0x03ce47abe931e23bf221eb5453c1e03a4f60d949,115,21,59.8397,30.7003,9980.9856,1991.0102,1919.03,9039.6861,0.1995,0.9638,13,7,0.9631,0,154,low,0
0x03d11a35efea67f3b98dcb9d3ddad6b15cdb43f6,77,27,81.1251,21.3651,42000.54,16111.295,3883.5103,8424.128,0.3836,0.241,30,8,1.0,3,958,high,1
0x03d225884a6f01eb076ebb6a1081e1bfced8cb7d,10,2,3.7301,74.473,2348.0654,1368.2883,1363.9717,2340.3793,0.5827,0.9968,2,1,1.0,0,20,low,0
0x03d59b1566576e7b64e7c43fcc3fff5ecd4c1b43,4,1,0.0015,132.4306,1908.436,695.2071,695.2071,1879.8452,0.3643,1.0,1,2,1.0,0,4,low,0
0x03d813abfba88e76407d09ef92e05f164ac1a985,204,22,26.682,93.1742,140713.8126,51325.6479,51195.6462,128928.0506,0.3648,0.9975,49,7,0.865,0,41,low,0
0x03d84a077028f62e185c07ef4e881ec785e33d3f,2,1,0.003,23.5638,0.1119,0.0112,0.0,0.0,0.1,0.0,1,1,0.0,0,343,medium,0
0x03da374dfb5653720cb928feb440bf8503c12944,2,1,0.0006,49.5285,0.0914,0.0457,0.0,0.0,0.5,0.0,1,1,0.0,0,205,low,0
0x03dda9a1e37e1be2585dfa97167ffe9e8078c836,5,2,28.036,26.4603,508.9896,595.9595,200.8241,0.0,1.1709,0.337,2,2,1.0,0,288,low,0
0x03dde38028cc5a59b8d85930ff8f5fabbd6e2dbe,13,2,22.9157,44.4236,8.3646,5.5518,2.7345,2.7325,0.6637,0.4926,4,2,0.4969,0,188,low,0
0x03df1de3f2b9c9113a431eabc78264a01a2c2d50,14,3,6.9476,90.4905,6116.3175,4537.0582,4553.5972,6131.4531,0.7418,1.0036,2,3,0.8791,0,12,low,0
0x03e08a0f18c2b5edb385f4dfe2f5a2b525bc0878,4,1,0.0006,133.0026,7527.9486,1997.2336,1997.2336,7527.9486,0.2653,1.0,1,2,1.0,0,4,low,0
0x03e494ce05a440729ab5fef38d46a84406e54501,9,2,45.107,40.0686,990.9337,188.3567,188.3567,252.2233,0.1901,1.0,2,2,1.0,0,71,low,0
0x03e4c2f13d937db549d35f606fc74a1034de362b,30,12,83.8025,29.3318,9967.7643,6903.1054,7547.6768,13540.4124,0.6925,1.0934,6,4,0.0121,0,37,low,0
0x03e6600a4e769da460ae567b936431590580b6d6,2,1,0.0001,23.5522,0.1119,0.0112,0.0,0.0,0.1,0.0,1,1,0.0,0,344,medium,0
0x03e94fea140cdef59f28a97e8a465cc2457c045f,24,12,72.849,38.8405,5707.8353,3134.4068,1292.7963,536.3777,0.5491,0.4125,9,6,0.6505,2,681,high,1
0x03e9a17304a1c1fe229965616b7dddcd96579a29,27,12,123.5879,16.8912,68639.7848,31923.5147,19436.7856,4093.3138,0.4651,0.6089,10,5,0.8827,0,119,low,0
0x03ea93102dbd5cecf952b6715d591bf58b6a657b,7,2,0.9391,65.0597,15443.7896,21337.7529,9997.6302,15527.6394,1.3816,0.4685,3,2,0.4685,0,46,low,0
0x03eb284b79b93e3e6813ea28c210d3a08a9eaff2,12,4,77.3544,18.2369,2001.4136,1593.8133,1594.2807,3597.3355,0.7963,1.0003,2,2,1.0,0,56,low,0
0x03eb2f2d7eeab4b9cbb59bd58cedbe2d30948562,75,7,6.6785,88.8539,12719.729,6088.3178,5449.8475,1781.7301,0.4787,0.8951,21,5,0.8956,0,58,low,0
0x03ecd5763053a58a82827a9b0bb2f5199e82fee8,5,4,32.9286,13.6129,48.8519,12.8079,0.0,0.0,0.2622,0.0,1,2,1.0,0,434,medium,0
0x03ed358b4ea92c6ff41ebf5f0f8f22847b993d2f,138,67,119.7812,1.6772,14283.9944,3256.1379,3260.4193,4470.1664,0.228,1.0013,9,6,1.0,0,84,low,0
0x03ee8da73fb9ac917e03348e5a498699e4a846eb,19,9,60.6776,31.3792,7727.3466,2603.4498,0.0,1539.1937,0.3369,0.0,4,5,1.0,0,245,low,0
0x03ef433cfeb13c0ed1242557fbdbd716478fddc4,20,7,43.5427,52.1475,424.9958,267.4852,206.2814,322.8425,0.6294,0.7712,2,2,0.0,0,24,low,0
0x03f2c10fa31be77d666ee1e326e3a1178c425974,65,11,18.5446,76.0977,2390.4095,1128.8471,1136.2238,2237.4849,0.4722,1.0065,12,6,0.8217,0,65,low,0
0x03f4ac46922f745a7088e92df0a9b37f299e5614,23,10,41.2942,13.0312,150377.7695,99699.2014,105269.81,569373.518,0.663,1.0559,7,2,1.0,0,79,low,0
0x03f5c2747f164d5ff2e52161190b077c7219070a,20,5,17.0528,76.5914,1968.5393,248.5267,249.6623,2419.3305,0.1262,1.0046,1,4,1.0,0,21,low,0
0x03f8420b1754b086ed30543f071fbd8282c5fa84,48,25,54.1202,2.6877,2535.6575,2839.3147,2266.6836,1271.9585,1.1198,0.7983,16,6,1.0,0,462,medium,0
0x03f8d481becf0463bf1f201fecf4095503730267,2,1,0.0037,18.3563,0.7137,0.1677,0.0,0.0,0.235,0.0,1,2,0.0,0,469,medium,0
0x03f90f638fc2c73e43008e66e11e554a8de746ae,3,2,62.7955,44.3743,296.1505,60.1083,0.0,0.0,0.203,0.0,1,3,1.0,1,461,medium,1
0x03f938f62fbe032d3197b4f74fa4c228de73088c,83,23,50.9524,1.0295,112092.7228,82567.0977,27130.173,87040.9164,0.7366,0.3286,19,7,1.0,0,451,medium,0
0x03f9bb84628bd284686819a5ba7ab5c0193145e6,4,2,22.0196,23.6664,1.6734,0.2841,0.0,0.0,0.1698,0.0,1,2,0.0,0,311,low,0
0x03fde9f49e46f4b0518a26bfc8bd29569dbc40c2,11,1,0.0232,70.179,0.0,801.0546,1600.6564,1369.0454,100.0,1.9982,1,1,1.0,0,20,low,0
0x03fe5965c7d96414e4b3d09642994c29552711b2,15,6,67.366,9.6421,1257.7746,1241.3949,1165.183,901.5669,0.987,0.9386,5,3,0.5908,0,157,low,0
0x03fe76bddaabd0288b14fb9b9929922ad7159ee7,12,7,79.8225,47.8858,2933.6779,1523.0402,553.5787,0.0,0.5192,0.3635,3,3,0.3649,0,70,low,0
0x03fef33df5b760df1bb3d4d5aedf69402b48cdc5,8,3,28.0603,23.5219,1261.3096,561.1169,545.3034,1168.3227,0.4449,0.9718,2,2,0.7181,0,107,low,0
0x0400083c67fd63db5f1ae087efd9583430b663cf,101,42,124.988,1.0036,105332.3157,38723.5456,17042.531,10556.898,0.3676,0.4401,24,7,0.9945,0,268,low,0
0x040020bead45659c621ee4c6e8a8f326ca469693,11,4,6.8333,72.1382,2888.8675,900.7661,896.9132,6678.8612,0.3118,0.9957,1,3,1.0,0,22,low,0
0x04007f94d19462042fd84e93fcec9a5b05cf5db6,5,4,18.9049,44.3834,1058.9995,450.1395,77.5411,0.0,0.4251,0.1723,1,3,1.0,1,435,medium,1
0x0402f615b6aa30ece82c93396db6432d4974b1fb,4,1,0.0015,141.2963,101.9966,20.0612,20.0612,101.9966,0.1967,1.0,1,2,0.0,0,4,low,0
0x0405c2898a3dee1ef160f0b5f97b0e1475f2024e,9,5,30.023,62.0504,573.506,272.8992,0.0,243.629,0.4758,0.0,3,2,0.0,0,78,low,0
0x0405e13dc7a586cc2c371f531e90ae50cf49beec,88,21,46.9686,68.7387,306385.584,231585.6619,195794.304,267320.9912,0.7559,0.8455,13,3,0.4089,0,11,low,0
0x04063f483786be70695cccd10ae7ef4c7f6224e3,26,8,37.9057,7.8502,2825.3518,1578.805,1181.2553,4523.9247,0.5588,0.7482,7,5,0.6273,0,311,low,0
0x040887454f6f08dc089d8c5671df51da5057a4bd,123,24,106.1847,2.2456,788.9028,332.6414,264.0351,527.3913,0.4217,0.7938,33,7,0.845,1,708,high,1
0x0408c8e4e0d9c052840655dbe768c743d4bd1f2b,4,1,0.0007,135.0761,7001.1964,2357.6741,2357.6741,7001.1964,0.3368,1.0,1,2,1.0,0,3,low,0
0x0409b96fbf7988e5d186a350c018acc48cbf59b2,61,7,6.6179,89.4232,5335.271,3184.3522,1417.9802,4231.567,0.5968,0.4453,20,6,0.4447,0,86,low,0
0x040c1749900642febd1cec7955633923ac1d8666,53,10,71.5792,19.2884,4632.8382,2398.5795,1813.5922,2862.4176,0.5177,0.7561,8,7,1.0,0,223,low,0
0x040c2b92511c6de1be3e47d67038c2a49ea6fef2,3,2,0.773,9.2899,0.0032,0.0004,0.0,0.0,0.1246,0.0,1,2,0.0,0,475,medium,0
0x040c67d6c0f2e7035e4b39d2ffbcce1741b697ae,2,1,0.0,116.5097,0.0213,0.0045,0.0,0.0,0.2137,0.0,1,1,0.0,0,24,low,0
0x040cc4bff13c6baecc8f49d56b10012e2715fb0c,30,1,0.1631,77.255,11320.9982,24118.1628,38166.2286,46154.3975,2.1304,1.5825,7,4,1.0,0,25,low,0
0x040df4fd17862caf41045d1c7e7ca420322617d4,172,61,96.6488,0.0953,1017168.5326,2702360.3532,1938639.3897,489924.8361,2.6567,0.7174,63,7,0.8121,0,277,low,0
0x040e07a1623f39d6161be7337a8810328e79b97a,9,4,30.9045,52.7199,191.293,80.0165,39.9738,80.0122,0.4183,0.4996,2,3,1.0,0,106,low,0
0x040fa9bbed1f3cbae34ec655f9c49e25532cab72,77,15,24.8645,0.1901,11665.7861,2744.4599,137.7824,7956.2175,0.2353,0.0502,17,5,1.0,0,616,medium,0
0x041065dc6b855ba2a436c564ab0c9fa62a9803b7,2,1,0.0075,47.186,19.9377,7.4616,0.0,0.0,0.3742,0.0,1,2,0.0,0,264,low,0
0x0411c92f02c35dcf4ce18dd23b314e0fb5e5119f,3,2,22.2209,23.276,2.1424,1.0056,0.0,0.0,0.4694,0.0,1,3,1.0,0,500,medium,0
0x04154fcfbb3dad4e2f3096e5b8952cd601e53c02,2,1,0.0,115.5694,0.0327,0.0048,0.0,0.0,0.1462,0.0,1,1,0.0,0,24,low,0
0x0415a37766ef8a945c1a38dd839c8b1f4feaecaa,649,52,73.137,54.2846,1223309.6207,859946.1915,609362.5166,901221.6697,0.703,0.7086,160,8,0.7045,0,103,low,0
0x0416c2fe328fff0fd6039554c75c3d3fb2db94c4,6,3,28.5247,68.4848,28617.5751,30015.0139,16012.2218,0.0,1.0488,0.5335,2,3,1.0,0,64,low,0
0x0417beec20510b679ec207a0ee12720ee924b772,15,4,26.9325,61.1865,2427.0927,2150.2863,500.6459,0.0,0.886,0.2328,8,6,1.0,0,330,low,0
0x0418936e04d12847b8ff2a732c382fc8fb78e7d0,4,1,0.0016,135.0854,6595.1436,2014.6175,2014.6175,6595.1436,0.3055,1.0,1,2,1.0,0,3,low,0
0x041a89f3b7ad2eecbfd280a4ec567ed88bd67f49,7,3,27.8599,64.7344,456.8482,114.7589,115.4524,0.0,0.2512,1.006,2,2,1.0,0,64,low,0
0x041b26d91b8522a00d1c2a484c397a612c82fc3a,39,22,41.0233,4.6752,104866.1686,90747.6811,30366.8886,10359.3823,0.8654,0.3346,7,7,1.0,0,382,medium,0
0x041c2b12b643aff71468172aff2c409624d95921,130,9,51.9832,28.8737,630.5403,301.9221,236.0272,254.496,0.4788,0.7817,29,6,1.0,1,628,medium,1
0x041ce53ec91c31abe748169be86f4268de4c7bea,3,2,84.14,6.4208,562.7022,320.1202,0.0,433.0361,0.5689,0.0,1,3,1.0,0,300,low,0
0x041df04f972ae342ebf9d9723f7c497f4adbd798,5,3,31.0634,40.7312,259.62,74.9733,0.0,137.846,0.2888,0.0,1,4,1.0,0,248,low,0
0x042011bb6babb6998d2f97c2e07a50e9394d2f4e,3,1,0.0004,91.6095,0.0178,0.001,0.0,0.0,0.0562,0.0,1,3,1.0,0,96,low,0
0x0421267a711db1c6b8f9fa72f3dda8d4df1f6bad,6,2,7.1931,74.2102,2737.6102,1091.1896,1094.0961,0.0,0.3986,1.0027,2,2,1.0,0,52,low,0
0x0421fa1f9f228934332cc11de6f66497f43fb734,72,33,107.0963,25.9272,12002.3852,79.0314,79.0721,11610.5114,0.0066,1.0005,2,7,1.0,0,79,low,0
0x0423d92d98a4b1696b9329e5a39daf0772040497,2,1,0.0,117.2936,0.0173,0.0038,0.0,0.0,0.2174,0.0,1,1,0.0,0,23,low,0
0x04243edabb0bea3ed3ab4ffb424fe76f05899cbc,5,1,0.2551,23.2283,21.6221,16.0619,15.3919,0.0,0.7428,0.9583,2,1,1.0,0,298,low,0
0x0425cc2a2750fa8042700973e776774a6f639e96,16,2,1.764,31.828,2745.2744,2236.718,589.855,698.5505,0.8148,0.2637,3,3,0.8925,0,204,low,0
0x04261f3a4f4e244b80ed7e3d8b7ff28abd6c4dc9,50,16,57.8308,18.3927,4969.3385,3263.6075,2453.9892,6276.1823,0.6567,0.7519,11,7,1.0,0,293,low,0
0x0426266cf573388100183343b6e26b8bf5e4fdbb,193,51,77.14,1.5819,11254705.1418,10222790.5849,6204219.4322,6194925.4361,0.9083,0.6069,29,6,0.8814,0,121,low,0
0x0428305a45309c9f296a6cce4bc9550af727a324,12,2,2.0562,106.8347,9673.9812,7171.8703,7129.0176,9618.2106,0.7414,0.994,2,3,1.0,0,8,low,0
0x04288d0b8bc6298a7cc26f367f42932d71c79d9a,33,11,96.5792,22.3766,8129.8241,5690.3973,0.0,876.4808,0.6999,0.0,9,6,1.0,11,1000,high,1
0x042a154ede61e25b4220cbc83e76c79f8c0d3926,66,13,65.5187,72.0528,348803.2574,90197.9821,90111.6156,151308.1477,0.2586,0.999,13,5,1.0,0,20,low,0
0x042a1ccde458f357618d8687b4fb99fa10775599,206,29,114.0714,2.0107,729398.0782,588704.847,586534.8361,727079.5999,0.8071,0.9963,32,5,0.8888,0,82,low,0
0x042a62b83529ba7bdbfd79c96804f9a36ae04c4c,43,19,57.0036,31.7243,268.5104,228.939,104.6014,166.3046,0.8526,0.4569,12,5,0.2777,1,476,medium,1
0x042e091145d2e0f6273bb1e4a88f1f194dd97071,15,5,10.1647,2.1689,143.8968,49.9276,0.0,0.0,0.347,0.0,5,2,1.0,0,689,high,0
0x0430605323465e26dc21fbaaa9a1a4be6ae9d496,323,80,89.0533,2.5298,14077.6339,6057.5006,2142.937,3308.0097,0.4303,0.3538,15,5,1.0,0,128,low,0
0x0430b536135751ba80f45550007be68c6fe3db92,2,1,0.0179,24.3462,0.1086,0.0543,0.0,0.0,0.5,0.0,1,1,0.0,0,375,medium,0
0x0433fa8caf0419698f7e06ce99a917bfdf24274a,2,1,0.0001,23.5582,0.1119,0.0112,0.0,0.0,0.1,0.0,1,1,0.0,0,344,medium,0
0x04359cc145a3f8b1865959d4e904c8b4c15fb29a,2,1,0.0008,7.3959,0.0971,0.032,0.0,0.0,0.33,0.0,1,2,1.0,0,651,medium,0
0x04371e418fcc889954ab64a59235eadeb033eee3,6,3,7.2132,77.7058,2875.7275,603.5862,0.0,0.0,0.2099,0.0,1,3,1.0,0,110,low,0
0x04379cffc95575cff92a5884863a26600c0f3ddb,12,7,70.8585,12.4445,402.7534,97.6658,18.2951,0.0,0.2425,0.1873,2,5,1.0,5,995,high,1
0x04381813e17b6198435cdb83712d11d0eabd3217,21,4,3.9788,78.5441,18547.4688,11000.6979,11080.3106,18172.0611,0.5931,1.0072,3,3,1.0,0,18,low,0
0x04386ac720b8204c01bd23497f4a63e2b209259a,7,3,23.0506,23.4871,3.044,0.0,0.0,0.0,0.0,0.0,2,2,0.0,0,349,medium,0
0x043a2e8b8f91d44821d8ebb0e29e83ba3b597d63,3,1,0.1102,83.9702,1021.0998,268.2693,0.0,0.0,0.2627,0.0,1,1,0.0,0,59,low,0
0x043abfff63616d247b9247765b89f6c5b5fd94eb,9,5,20.4642,1.3675,69.2994,25.1316,0.0,11.3303,0.3627,0.0,2,3,0.0,0,502,medium,0
0x043b2116f729e188668810d8ae0f86eb1152ae4f,7,2,97.9148,22.2274,8680.0121,3800.1713,799.7277,0.0,0.4378,0.2104,3,3,1.0,0,199,low,0
0x043b2c863b8dab9f264ceee9d8d2cb8b9f7c66e1,7,4,68.4586,12.6622,7409.6753,3695.7225,0.0,0.0,0.4988,0.0,2,4,1.0,2,871,high,1
0x043bd112d6db10daa0f15a255697d0b88e3daf43,17,9,11.7294,75.9594,76.8633,31.5146,15.7618,17.0037,0.41,0.5001,3,4,0.4985,0,75,low,0
0x043be978300c684c8f691e086414155d5f9d6f2e,4,1,0.001,130.6228,1507.2427,600.206,600.206,1507.2427,0.3982,1.0,1,2,1.0,0,5,low,0
0x043be9f76411e021f3aca8b45db64b0c36075a0d,195,61,84.8593,5.1951,21780.6933,6543.75,5956.6375,14517.3942,0.3004,0.9103,45,7,0.9899,0,323,low,0
0x043fdabff38a1e9897f2f5a860b8b88f9a0a9f24,159,89,95.8934,0.4251,5173.9781,4047.8708,2629.3148,0.0,0.7824,0.6496,13,4,1.0,0,165,low,0
0x044009974d4a8ce81dd4b46a5ca98a772ed185a6,3,1,0.1237,18.1808,0.0029,0.0001,0.0,0.0,0.025,0.0,1,1,0.0,0,339,medium,0
0x04426a58fdd02eb166b7c1a84ef390c4987ae1e0,93,7,6.4642,86.2707,17060.3622,11121.5615,3515.8636,11932.9101,0.6519,0.3161,31,7,0.972,17,1000,high,1
0x0443d542c2a4eda89af20a9d7315596f8240e48a,3,2,11.9355,113.6891,5845.5175,2498.715,0.0,0.0,0.4275,0.0,2,1,0.0,0,24,low,0
0x04448987b1f40dfd2ca70eeeb323ba710c5768f6,22,11,39.0431,2.4321,8012.4215,4352.3348,0.0,0.0,0.5432,0.0,7,5,1.0,0,713,high,0
0x04469b770821cec9cc3a1e8dc92e4635faf9bca6,8,5,40.9456,11.4103,114.4627,148.8415,151.3388,0.0,1.3003,1.0168,2,3,0.5907,0,251,low,0
0x044a9157c17119eb476f564da8a9b03dfe5ac7f1,9,6,65.027,13.1793,16734.899,20853.6433,11188.4858,0.0,1.2461,0.5365,3,2,0.808,0,182,low,0
0x044a9c43e95aa9fd28eea25131a62b602d304f1f,27,7,116.0368,23.7918,81348.1426,55640.3096,18097.7864,20665.3365,0.684,0.3253,9,5,0.9565,0,109,low,0
0x044c9a9b81b28f344ee80db712af9ee6f1bc65d5,9,3,3.7782,75.3777,996.4471,600.0936,603.647,1974.4188,0.6022,1.0059,1,3,1.0,0,25,low,0
0x0450054af2245d1799292e4fc6c9da720822b417,6,3,5.6017,1.3326,192.5059,76.875,0.0,0.0,0.3993,0.0,2,2,1.0,0,660,medium,0
0x045038d82b5c27b5c992994cd4129aa80fd1a20c,22,6,141.9003,1.3961,264019.2347,180126.5314,175970.5366,259287.5353,0.6822,0.9769,7,4,0.9737,0,58,low,0
0x0450d81146ae1eb15d886b0a35673dbb9e74be19,4,1,0.001,128.3352,3210.5253,702.5406,702.5406,3210.5253,0.2188,1.0,1,2,1.0,0,5,low,0
0x0451864cdd0cb179893eb91057da7746b5b1973b,12,9,17.3677,107.7467,4091.2607,757.3205,761.4016,0.0,0.1851,1.0054,2,3,1.0,0,15,low,0
0x0452d528c990273208cd331b2c14de884354ea5b,4,1,0.001,132.1162,7071.7053,2045.333,2045.333,7071.7053,0.2892,1.0,1,2,1.0,0,4,low,0
0x04537c1eeaa19e1b8692c81ff68e9d403d0396ab,62,3,2.372,86.1291,13889.0664,3396.876,3397.6936,13864.5896,0.2446,1.0002,10,6,1.0,0,48,low,0
0x04541945d4d64141a70d355c6775173323551724,23,7,20.859,11.6541,8523.1248,1986.4239,1505.9644,1851.2916,0.2331,0.7581,4,4,0.0,0,189,low,0
0x04566e55bd811bf6e3e164a3ebe49cbc85369bcb,5,1,0.015,6.2444,0.0,1103.1338,1103.1343,1792.6477,100.0,1.0,1,4,1.0,0,477,medium,0
0x0456b014da02c47c722742426192f8a0f4114923,3,3,22.5487,28.4804,1.5259,0.5037,0.0,0.0,0.3301,0.0,1,2,1.0,0,391,medium,0
0x045751c6c2dc89cb7d5976649eb63de2b2d77f5b,461,43,72.8223,0.0355,2136635.3002,1484859.2066,1448350.4568,2071335.4133,0.695,0.9754,101,6,1.0,0,235,low,0
0x04581b79bf2fac9ed93b41b8023271ecb86b6857,9,7,32.5491,19.6032,74359.7395,13425.7718,0.0,14813.4758,0.1806,0.0,1,3,1.0,0,186,low,0
0x045896a702263b77d8ebabd6c51e826f0f3ebe39,18,3,16.0066,53.9671,19872.2045,13933.0768,14021.3248,19981.8378,0.7011,1.0063,4,1,1.0,0,28,low,0
0x045a41a9d9cb0fc81cfe1e8f486e5c53a3b3ce8b,79,17,91.0368,0.7467,1903.9727,679.9766,525.9404,591.391,0.3571,0.7735,16,8,0.7715,3,960,high,1
0x045e2a9db6ca319f6b667813c6088067eb52851e,224,14,55.1723,38.9845,3714264.2302,2041644.4907,2032260.6223,3724285.2624,0.5497,0.9954,59,5,1.0,0,74,low,0
0x045ef516ff36cbb58ae3714a2bcd244d31695d91,4,1,0.0014,134.1352,3095.611,721.185,721.185,3095.611,0.233,1.0,1,2,0.0,0,3,low,0
0x045fbe9cadc98c9d8935e3788303ab70328960a0,14,6,95.8356,21.455,843.4924,8.3505,0.0,213.3418,0.0099,0.0,3,3,0.0,0,240,low,0
0x045fd671c4d7da33629475def9ababecc339c020,23,8,73.1353,22.5117,1256.9313,502.9602,506.7187,2511.7572,0.4001,1.0075,3,4,1.0,0,83,low,0
0x0464349e7012a83c965d672e9eca3896a1260624,346,70,121.434,0.5304,268808.3666,44550.15,36052.0991,125163.8888,0.1657,0.8092,48,9,0.997,1,520,medium,1
0x0464a891a517c2be0bca86470b74babc985e9141,2,2,3.2352,15.2869,0.0015,0.0003,0.0,0.0,0.1892,0.0,1,1,0.0,0,403,medium,0
0x0464e9d70f1b21ecdf741ed3dba1de6d877d1b48,9,6,91.8858,2.9404,1790.3171,1158.2402,716.2685,716.2685,0.6469,0.6184,2,2,0.0,0,86,low,0
0x0464fb56ddf5dfc14b13d3b9c064f8732cbe012a,10,2,0.8957,90.2757,2301.8261,1801.5229,1795.7482,2294.1474,0.7826,0.9968,2,1,1.0,0,12,low,0
0x0465130e29be525707f2e38726e1465d632efbbf,6,2,0.9485,128.5928,322.0404,107.3468,107.1453,104.9077,0.3333,0.9981,1,2,1.0,0,6,low,0
0x0466e01f9edb0fe882be01b0693f4daf107fc151,9,3,33.9929,11.9977,13996.9699,8995.0899,0.0,0.0,0.6426,0.0,4,4,1.0,0,605,medium,0
0x0467661949ee9b85e78c5798731b2204e0ba2974,25,5,11.44,102.3543,95984.1197,75288.4475,75229.3058,95987.7562,0.7844,0.9992,5,3,1.0,0,7,low,0
0x046773a7aa676523f981676b67e9f01719ca9eb3,499,82,88.2097,0.177,114161.6506,233151.8827,136561.6642,102318.9649,2.0423,0.5857,187,7,0.5209,0,429,medium,0
0x0468222405c1f78f80035c7a87254df9bb2a9381,4,2,24.87,0.7143,1071122.1628,604295.8948,0.0,0.0,0.5642,0.0,2,2,1.0,0,533,medium,0
0x046a09854fd98fb21fbe7d6cbf58153b55a39669,5,1,0.0329,60.2401,2322.5152,1396.1642,702.297,0.0,0.6011,0.503,2,2,0.5016,0,107,low,0
0x046a5d95317dbc2ae8ed4a0c370b9183d161a14a,4,1,0.0007,132.0398,4391.0096,1822.0332,1822.0332,4391.0096,0.4149,1.0,1,2,0.0,0,3,low,0
0x046ae0974283a9acf5cb4228a93d000c6d0ffd76,281,44,90.4084,0.5004,3599.2047,2243.8154,1891.4658,4427.9924,0.6234,0.843,62,7,0.7587,0,413,medium,0
0x046afddbc4e4fe503ddd2b952f7d849d1270ab3f,35,4,3.0186,74.4583,4402.4729,1895.2388,1891.0267,4166.9518,0.4305,0.9978,6,5,1.0,0,54,low,0
0x046b8f645b2a09f9527f191fbcb6491094668a45,86,8,82.386,17.8158,289064.3893,196606.5311,194420.951,286007.5673,0.6801,0.9889,17,6,0.6584,0,98,low,0
0x046b9d060f49400b6a6f1210ef191b019cce9030,27,12,57.0012,2.2121,7228.5647,6818.1837,4894.5986,437.266,0.9432,0.7179,7,5,1.0,0,338,medium,0
0x046d749b3cf095dc2bcf9a82a9de43966b29cf49,3,1,0.0168,23.4857,1.1192,0.0996,0.0996,0.0,0.089,1.0,1,2,1.0,0,320,low,0
0x0470a2b7b6b48d5d8a8f42f8fbf10218ea416755,51,7,10.7976,0.9183,17788.1362,6464.1206,1263.8205,5092.1973,0.3634,0.1955,15,5,0.9802,0,628,medium,0
0x0470a46f57515cb7d112acde06f410c3111575b0,118,25,115.3789,4.4165,807906.1774,329355.3195,300021.934,1127920.503,0.4077,0.9109,27,7,0.9113,0,142,low,0
0x04721424482164fbc54992e6642e228bddd154d9,4,2,6.4898,86.0583,1801.1732,586.8574,0.0,0.0,0.3258,0.0,1,2,0.0,0,54,low,0
0x0472fb73541e18716446b3c52d4221c8f78de7ae,15,6,80.3694,21.5084,814.9882,264.4745,262.7223,723.882,0.3245,0.9934,3,4,1.0,0,111,low,0
0x04737567bb285ac7c15244c9c9f8707d67d1e558,9,3,14.7156,79.3723,15.0417,9.6855,9.1638,14.1957,0.6439,0.9461,2,2,0.0,0,30,low,0
0x0474101e1a5926a9d7295f80d2a7e4617dc6bf53,2,1,0.0,13.467,223.214,112.6101,0.0,0.0,0.5045,0.0,1,1,1.0,0,535,medium,0
0x0474b7e51abbb836a44b68dc6382134bddce6538,147,34,86.5496,4.3248,261719.8246,154753.6261,124338.4349,322656.7343,0.5913,0.8035,31,8,0.994,0,274,low,0
0x0474f11e0367edde612e0119f62aad7695dd86d5,21,9,77.9356,0.4924,1926.9532,812.4871,809.9904,1851.0179,0.4216,0.9969,5,4,1.0,0,205,low,0
0x0475a4b2c54cdb975278a8ba5977ebf07df8f033,16,3,5.6225,62.0349,1630.3121,482.7014,211.0495,904.2385,0.2961,0.4372,5,2,0.0,0,65,low,0
0x0476f3ee277eb20568ee2369b337f3ce55bc558a,763,112,130.3084,7.4897,5028425.7594,3286857.0362,382160.5516,1094899.6726,0.6537,0.1163,107,7,0.2259,0,103,low,0
0x0477455e0e65928b993ba49bbbd5ce8d434fe1d2,40,24,68.8642,2.8416,3768.6827,5520.3388,2722.5336,894.303,1.4648,0.4932,12,4,1.0,0,326,low,0
0x0479283a1751f32dc400615f5dd6799ebd304e6f,19,8,25.8082,50.0882,19710.468,19367.7336,3401.3985,0.0,0.9826,0.1756,7,1,1.0,0,134,low,0
0x047a1f7235a03aa9016061b16b54da901044fe0e,40,17,44.3949,64.3932,23755.8667,1504.0435,1505.2433,12389.16,0.0633,1.0008,3,5,1.0,0,29,low,0
0x047a96ef72d7ee6a3f193bdb92e998fb300265df,820,61,71.4223,2.3795,703628.3327,819146.9445,831641.1213,897434.1953,1.1642,1.0153,200,8,0.6175,0,353,medium,0
0x047be7607fbf63467e2ca66af84b1cffd69c7bf2,12,3,56.7265,86.3078,378.7754,21.5647,21.5647,380.2208,0.0569,1.0,1,4,0.0,0,13,low,0
0x047c29119e9322c10b0712ea80d49ba34776186c,2,2,0.0036,85.7454,9793.3848,3618.4793,0.0,0.0,0.3695,0.0,1,1,0.0,0,54,low,0
0x047d5247698a111b34d7dde3282f07fd154cb759,14,4,20.5586,77.6234,90819.0996,56627.6202,7538.8719,0.0,0.6235,0.1331,6,4,0.1586,0,84,low,0
0x047ea31614fc085ce7b80412fbab65fd51a8bb7a,298,63,119.6465,12.3617,438262.6148,253874.5457,253864.9354,134405.9376,0.5793,1.0,58,6,1.0,0,97,low,0
0x047f78ef663432cd15d28c0b7098bd6236442264,33,9,52.6499,3.7992,6263.9885,2504.9569,1428.5493,2159.5991,0.3999,0.5703,9,4,0.5648,0,294,low,0
0x047fdc2db6ee901f154f60b36626194d2c2a68f7,47,22,77.6459,0.9288,50487.8339,18696.4405,11004.2004,39645.2812,0.3703,0.5886,7,5,0.6969,0,162,low,0
0x047fe25b45dd7f73258d858971cfe41e004e6132,77,10,16.8591,56.8667,7370.4608,4749.2357,2685.6835,1819.0657,0.6444,0.5655,20,4,0.5652,0,117,low,0
0x04803b46c2a8951a2ce0793d58db51b29656dfbe,63,24,109.0907,2.1648,29410.3318,24523.3326,20351.9276,10126.1864,0.8338,0.8299,16,7,0.485,0,212,low,0
0x0482d6bf3b83470ee4ee87c20a98d38249138e1b,2,1,0.0016,23.519,0.1119,0.0224,0.0,0.0,0.2,0.0,1,1,0.0,0,354,medium,0
0x04841cbcc7676ddfe8146e8ad3aa0a478e843792,4,1,0.0014,129.4261,2579.8272,699.3988,699.3988,2579.8272,0.2711,1.0,1,2,1.0,0,5,low,0
0x0484b2e7973130c0b31b482175c15a38d86e5840,13,3,17.5525,61.5779,1084.0285,199.0054,199.8663,7973.5121,0.1836,1.0043,1,4,1.0,0,37,low,0
0x0487fed00e5f5e81507b1cd6e851b741a4a020fd,16,9,42.0372,39.7211,255461.6221,102270.6837,102304.6493,2819913.3718,0.4003,1.0003,1,4,1.0,0,18,low,0
0x0488eb591321625f9417cc3c21398c8d06ac9095,13,5,34.598,58.4796,942.4592,394.6877,195.6132,150.9595,0.4188,0.4956,4,4,1.0,1,284,low,1
0x04895114da673f16d83a75e4cd3c64a68e2428c8,66,13,22.2728,109.1443,3803.2211,9032.9462,9044.7556,12489.8779,2.3751,1.0013,15,5,1.0,0,18,low,0
0x048a81418e95b13b47b63f4a784a1ff5542e72cc,12,4,78.0731,13.2708,1121.8202,899.6998,716.7297,892.3744,0.802,0.7966,2,2,0.0471,0,60,low,0
0x048aa5096f91f6436ed3ac79e853c16a9c4155bb,2,1,0.0025,26.5772,0.5609,0.285,0.0,0.0,0.5082,0.0,1,1,0.0,0,363,medium,0
0x048aaa70a3e351c9e3b487ba78fa03efbf062067,61,25,91.9011,11.9104,10131.0977,11639.8915,9277.8227,3997.8142,1.1489,0.7971,13,8,0.9087,0,269,low,0
0x048ab378049f7763e5c728fe551ae19115b2bb20,33,5,4.1672,10.295,152.4325,116.3594,48.8452,55.3577,0.7634,0.4198,11,3,0.9528,0,567,medium,0
0x048b12903e0cc00b5bddbec2c76909cc6666c155,2,1,0.0008,16.0063,0.0014,0.0001,0.0,0.0,0.055,0.0,1,1,0.0,0,392,medium,0
0x048ca2571ed3aec463d42cb6fb0f20f6fcb7988e,4,2,1.1275,85.4217,1007.5434,400.3394,0.0,505.5238,0.3973,0.0,1,2,1.0,0,58,low,0
0x048cfe86325ecb012e4cc05495683e229eaca7ad,2,1,0.0009,23.2566,5.7246,1.0206,0.0,0.0,0.1783,0.0,1,2,1.0,0,557,medium,0
0x048e1e942cecde524fb35ebd625749b0be00f563,175,44,86.1518,1.6016,168569.3614,98935.7781,49947.6884,86431.5531,0.5869,0.5048,37,8,0.8684,0,363,medium,0
0x048f06d1afb5e43f73f593aab1b2a4316ddb5d9f,4,3,52.3873,26.131,6411.6567,2615.9561,2623.1331,7894.2155,0.408,1.0027,1,2,1.0,0,59,low,0
0x048f5cb4c12107c37e2d028aa56315659f36ce47,14,2,9.794,74.1347,634.4248,204.4021,39.2784,85.5455,0.3222,0.1922,4,5,1.0,0,157,low,0
0x0490bcc64eb613b9f5b774f7e0fed4478d0982ab,3,1,0.0009,91.1539,0.3421,0.1003,0.0,0.0,0.2931,0.0,1,3,1.0,0,111,low,0
0x049201b13cd2a316aab6edae90cc0f8ed6597ea9,56,30,108.9958,16.1432,29132.7918,15148.9721,6599.669,11106.0048,0.52,0.4357,14,8,1.0,2,758,high,1
0x049262af9167e1fd91c668cea2500eac72bd6df7,3,2,1.9159,73.3119,63.8787,4.1338,4.1442,0.0,0.0647,1.0025,1,2,1.0,0,98,low,0
0x04936487d69f08a304bd6470c2f0cf6e6aa609d7,4,2,1.7859,67.7084,0.672,0.2184,0.2181,0.0,0.325,0.9989,1,2,1.0,0,88,low,0
0x049403324eaf7b38e6fe3bf547c1f9e13391ce3f,9,1,0.0028,79.0959,32.7697,14.7343,4.5443,12.5828,0.4496,0.3084,2,3,0.1359,0,73,low,0
0x049569adb8a1e8a9349e9f1111c7b7993a4612eb,68,20,83.9392,44.5762,18823.7822,9469.6287,9549.8157,16063.0311,0.5031,1.0085,14,7,0.911,0,79,low,0
0x04962bc8ed7ea4f608dedf636790035d058b1daf,45,9,51.5305,34.5808,3065.6525,1647.0626,892.7268,1745.5155,0.5373,0.542,12,6,0.542,0,216,low,0
0x04963f5707c9db2d613e8d402453f88a72f1c6d4,4,1,0.0017,132.1588,1957.6671,706.1001,706.1001,1970.7232,0.3607,1.0,1,2,1.0,0,4,low,0
0x049675d578aff8a085ea67947751cc2df717b863,15,1,0.1287,51.9104,0.0,23014.409,46394.3984,67821.764,100.0,2.0159,3,6,1.0,0,51,low,0
0x0496c02f3d8eadbc5558913ef6dc5fff59077df0,2,2,14.0131,19.8195,97.3454,10.0113,0.0,0.0,0.1028,0.0,1,2,1.0,0,559,medium,0
0x049940feda4277b7f01ef10fca0b975c541d8fca,345,89,110.4107,17.1184,7965905.6299,6568368.7828,6578239.4453,12995885.1751,0.8246,1.0015,36,7,1.0,0,37,low,0
0x04997f327d508cc66bf2afbaec867a5b45fcb231,6,4,12.3001,4.0229,1443.5128,691.1197,0.0,0.0,0.4788,0.0,2,3,1.0,0,645,medium,0
0x04998145f9615270181f46cacd96e3fb2275bb64,8,3,8.0578,66.5151,4542.8992,1179.5547,1180.4451,0.0,0.2596,1.0008,2,2,1.0,0,59,low,0
0x0499f8afe7234321fd3da64116141431fc08ff35,14,4,19.847,91.7413,14718.188,11415.2074,11441.7471,14763.087,0.7756,1.0023,2,2,1.0,0,7,low,0
0x049a198dd6d7937a07520d6f0f6c3570d7b00d9a,28,6,6.299,76.716,2925.0877,1510.3492,175.1787,197.0009,0.5163,0.116,10,3,0.1164,0,85,low,0
0x049b8457a23bef5354c65d1cbbfa3bb897782ec1,165,30,69.8938,17.6892,107514.3223,43453.4665,39939.7411,87675.7034,0.4042,0.9191,36,7,0.9964,0,227,low,0
0x049c43731aa8c4cbc14252e52af0e55c5a48df15,19,6,6.7055,77.5308,25530.369,29570.1102,16071.5989,0.0,1.1582,0.5435,9,5,1.0,0,151,low,0
0x049ca02e4394a5ddea5ef9c3194d82e640187573,74,13,16.4293,71.9323,38326.628,41923.2861,41974.8771,143789.6591,1.0938,1.0012,16,5,1.0,0,43,low,0
0x049eebc628e60f804daae62df6c3715b9273b2c2,329,47,64.3587,74.9876,18643.6724,14045.0403,15047.8691,10286.1605,0.7533,1.0714,78,7,0.9753,0,62,low,0
0x049fa027e31206dd10b1ef184e7f564b41eef68f,5,1,0.0044,81.3704,9.5794,4.0918,0.0,0.0,0.4271,0.0,2,1,0.0,0,85,low,0
0x04a0457e163ceef461efc4d0c2a374bad426d1dc,19,4,3.4165,113.6609,1251.2563,42.3261,42.5477,4438.1846,0.0338,1.0052,1,3,1.0,0,8,low,0
0x04a38539567837666eb4ee6e027005d14410386d,56,25,119.3293,8.4541,35846.6871,21038.2305,5520.0494,12454.5008,0.5869,0.2624,12,6,0.6562,0,173,low,0
0x04a4f6e1c8b1917fd9b937a44b5d35fc3e12a275,2,1,0.0,115.338,0.0212,0.0046,0.0,0.0,0.2146,0.0,1,1,0.0,0,25,low,0
0x04a5f2cd0cdc04f4c483d3dffc71c218551500d1,4,1,0.0134,53.1109,31.4712,10.479,0.0,0.0,0.333,0.0,1,2,0.0,0,186,low,0
0x04a610f9b627d61b1be63f6dbce3cf67ee38a005,4,1,0.0009,133.5877,7598.7757,1996.7225,1996.7225,7598.7757,0.2628,1.0,1,2,1.0,0,4,low,0
0x04a6b09c4708f4c94670cc52b15b3dddb6c7d04c,29,14,86.0663,44.611,75956.9577,26596.095,7135.9557,58272.1384,0.3501,0.2683,4,6,1.0,0,58,low,0
0x04a6b171582bf89567aa91780db5ad2479fc383c,3,1,0.0104,23.5462,5.896,2.948,0.0,0.0,0.5,0.0,1,1,0.0,0,357,medium,0
0x04a72dd82489175d80e1c165e1aba1771955a0f0,21,7,25.958,62.6039,54154.4426,17015.5871,16923.7066,54433.6535,0.3142,0.9946,3,3,1.0,0,21,low,0
0x04a74af2379f0263a60b5df186e0e66d32c88539,11,5,16.6983,6.6345,12012.7323,2600.5499,0.0,418.2009,0.2165,0.0,1,5,1.0,0,466,medium,0
0x04a965e6c08deeb868d46f4706c70f2df2a0e2aa,3,1,0.0006,23.5767,0.0022,0.001,0.0,0.0,0.4481,0.0,1,2,1.0,0,495,medium,0
0x04ac9be993d9bb591192402243a45e1e9f72b1f8,6,2,4.9535,68.0562,4267.7281,3371.6642,3378.404,4278.9739,0.79,1.002,1,1,1.0,0,19,low,0
0x04ae8c108743167c7457073ba8c1571fd5d56325,5,3,2.3188,10.6555,18.2187,1.049,1.0288,8.0425,0.0576,0.9808,1,3,1.0,0,447,medium,0
0x04b12ef29de958ef09e983938f51a52fa5f7c487,2,1,0.0012,6.6531,100.6699,49.7889,0.0,0.0,0.4946,0.0,1,2,1.0,0,655,medium,0
0x04b2c599c7edc44ffbcd800cf946d5f46db7836c,18,11,120.2568,20.6895,16925.0313,4157.6657,216.7351,0.0,0.2457,0.0521,5,5,1.0,0,253,low,0
0x04b2f0087765e57f51ef3c91b2be23d0a02839a6,23,8,22.236,114.4802,29064.249,9004.3846,9038.5611,49836.4627,0.3098,1.0038,4,5,1.0,0,8,low,0
0x04b5171a7265fe54b02418c345cf4ecb7a6deb11,4,1,0.0012,114.1118,2400.2657,502.0523,502.0523,2400.2657,0.2092,1.0,1,2,1.0,0,9,low,0
0x04b5762ee57e2fa1cc1dd2e13d284d0284f2d41e,64,5,12.377,3.5664,37881.6462,26638.6607,18990.1749,26825.6553,0.7032,0.7129,25,1,1.0,0,299,low,0
0x04b59920172985237d8c10f2ee2b3dbf7d56154c,5,1,0.0059,86.2015,2014.9451,1712.3615,333.4599,333.4599,0.8498,0.1947,1,1,1.0,0,28,low,0
0x04b5c5d08ddef275535c5a95a62f803fc1cd3dba,211,71,79.0944,3.3444,435947.2234,251868.0205,229264.2729,345111.6939,0.5777,0.9103,52,8,0.9397,0,280,low,0
0x04b6c3d520b2521ed9bf523c03967f4a28a32b50,35,15,78.0348,8.0783,427.0473,200.6431,10.0183,197.6905,0.4698,0.0499,8,4,0.4501,0,333,low,0
0x04b6ea5a19b8945eddc4a141408ec34c2a55a34e,3,1,0.0017,23.5513,0.0531,0.0041,0.0,0.0625,0.0774,0.0,1,3,0.0,0,414,medium,0
0x04b7f0bb0ec9de8313180276279984125e9c3f7c,3,3,5.217,63.3446,140.2923,73.8062,0.0,0.0,0.5261,0.0,1,3,0.0,0,160,low,0
0x04b8b16b405662a4d14e27d943036dbd31aab01a,14,8,46.2014,33.0223,6363.2589,3000.0399,3026.5028,8339.9219,0.4715,1.0088,1,6,1.0,0,71,low,0
0x04b98ee207121943d1e76080a5b4b93345663335,41,16,39.3114,36.9106,8548.2815,210410.955,298068.8599,146240.0079,24.6144,1.4166,11,6,0.9472,0,152,low,0
0x04bdc271b7afd68bbd52c9366880849c15ba42b7,25,13,70.9052,12.6852,2133.6436,1002.3809,175.8839,249.9755,0.4698,0.1755,7,4,0.9659,0,314,low,0
0x04bdfb9f9704694ca365b8e27bbdb7e093475340,5,1,0.0876,70.0902,0.0,11.9526,24.1261,712.2735,100.0,2.0185,1,3,0.0,0,99,low,0
0x04be2a942c1060db1c7615670bb55950a52f8b15,7,1,0.0053,82.0336,19.8615,0.9941,3.3899,12.3822,0.0501,3.41,1,3,1.0,0,12,low,0
0x04bed630357309dc193bebce09a2ae1381166b33,8,5,52.4767,30.1007,1215.3399,301.6118,302.9164,0.0,0.2482,1.0043,2,3,1.0,0,147,low,0
0x04bee613690e98a1959f236c38abaa5f2439b14a,13,10,99.8799,12.7853,298.4227,125.6079,0.0,416.342,0.4209,0.0,2,5,1.0,0,261,low,0
0x04c0186b3414b05f8e6d35b8d51f01c25f10011c,7,3,37.0822,22.5616,33432.1886,25019.7081,0.0,0.0,0.7484,0.0,2,3,1.0,1,631,medium,1
0x04c18cbf703c72591f1800b52d801a948f55e00c,66,24,100.2132,22.3874,111521.7843,65079.1482,65788.2735,238397.3008,0.5836,1.0109,12,6,0.9454,0,67,low,0
0x04c233493c34a74c4739fc589b52d25c5776de4e,3,1,0.0134,23.5715,0.0023,0.0,0.0,0.0,0.0027,0.0,1,2,1.0,0,443,medium,0
0x04c2e657cb2b0d86d7129819808430d889ed2660,20,8,35.0758,87.3333,440394.4041,29071.9909,29090.4459,1082842.9306,0.066,1.0006,2,4,1.0,0,8,low,0
0x04c322117e21cd15163b9954eff247e9f32359a9,6,3,27.8425,23.6129,2.0305,0.0,0.0,0.0,0.0,0.0,1,2,0.0,0,262,low,0
0x04c3611d4504b454f1309e0f523db8d0f95feac2,101,34,97.1315,14.5744,46566.6761,13388.5712,2621.0412,28278.8239,0.2875,0.1958,8,6,0.9427,3,802,high,1
0x04c444bcd609e73fa141cdeb401f9b6ce83d7cbd,6,4,26.7096,0.078,169761.7263,104458.1252,0.0,0.0,0.6153,0.0,3,4,1.0,0,682,high,0
0x04c55912af70c59cefbc350eb864071f24835fcf,118,13,34.1466,90.0123,25799.1346,17596.99,15465.6631,22102.7972,0.6821,0.8789,36,4,0.8348,0,29,low,0
0x04c5ed69842a879976fb324716396c09a6470585,2,1,0.0,111.4333,0.04,0.0051,0.0,0.0,0.1262,0.0,1,2,1.0,0,49,low,0
0x04c66a0474f1c6dee2a36fc6254f60989ba2651a,17,3,3.3679,85.2108,2015.9036,787.6039,788.9486,2422.885,0.3907,1.0017,2,3,1.0,0,19,low,0
0x04c873241fe90e09ceaa93cdab3cc5c55ab863cd,26,7,69.2801,8.4653,435.1844,209.1176,80.4794,113.3891,0.4805,0.3849,10,5,0.7019,0,455,medium,0
0x04c89b6513400df610c062f09bc243a743f34fd9,85,30,106.1153,1.156,51038.1632,47896.1049,31104.4725,45379.62,0.9384,0.6494,21,7,0.6437,0,240,low,0
0x04c9481dd5aaf3a65d387b5e8c53e805c95cb70a,12,5,11.9872,67.8842,38678.5079,10003.9469,10012.4319,60833.3865,0.2586,1.0008,1,3,1.0,0,16,low,0
0x04c9b1744e0cc0e2879bbbb41b6a77e10625b87a,3,1,0.0019,23.689,17.0479,5.6826,0.0,0.0,0.3333,0.0,1,1,0.0,0,355,medium,0
0x04c9ea8aaa2bf73bd0301a314d8d865b89843587,4,1,0.0016,113.1822,6249.6837,998.7538,998.7538,6224.0375,0.1598,1.0,1,2,1.0,0,8,low,0
0x04ca9d52ee6f8638fa959375b6963d080d4c844f,125,41,128.1873,0.7525,2788531.274,1808052.409,4583.9251,0.0,0.6484,0.0025,44,4,0.115,0,292,low,0
0x04ccc2b6e312d9bd573b3885b4c2bfd29c5493e3,2,2,0.5602,40.2328,291.7024,237.4812,0.0,0.0,0.8141,0.0,1,2,1.0,0,362,medium,0
0x04cd5ffd4e9ef854e03b7e9fe865301b540048c2,4,1,0.001,132.1986,1985.4235,700.1203,700.1203,1984.6267,0.3526,1.0,1,2,1.0,0,4,low,0
0x04cda19cb300c98a5ff01a9bafc907e8751268d8,99,13,105.5557,0.6252,1304900.1057,419230.29,411029.7565,926805.3237,0.3213,0.9804,18,4,1.0,0,80,low,0
0x04ce10ad684ea76ea7bf024ec8febcc7bb7b89f3,2,1,0.0031,15.0159,0.0014,0.0001,0.0,0.0,0.055,0.0,1,1,0.0,0,400,medium,0
0x04d0d0c4bf3ff7d5b54869b813a4026414b57f1d,4,1,0.0029,133.9399,1721.0469,701.3625,701.3625,1729.6949,0.4075,1.0,1,2,0.0,0,3,low,0
0x04d12047150d1cf5f6560369261cdffc4ea65524,2,1,0.0457,24.3069,0.1086,0.0538,0.0,0.0,0.4958,0.0,1,1,0.0,0,375,medium,0
0x04d1cdf9fd1122f863126c50fc96cdfcb6400172,34,5,36.4325,41.2386,267.1899,36.1163,31.2413,250.8472,0.1352,0.865,8,5,0.8309,0,222,low,0
0x04d1e3032002bf14d508b9be1272bcd391991740,8,2,2.0077,138.143,6463.2365,2006.8641,2016.4494,1939.7465,0.3105,1.0048,2,3,1.0,0,4,low,0
0x04d34271e0216a8e3bab7598557112f70a06dc48,4,1,0.0004,111.7677,1021.8124,261.3909,261.3629,1021.7028,0.2558,0.9999,1,2,1.0,0,10,low,0
0x04d3878b491afb02abaec1dc7964e69cd01781be,7,3,87.2206,22.653,90349.5124,70101.1233,70278.1467,90307.5178,0.7759,1.0025,1,1,1.0,0,18,low,0
0x04d636d093a0ec32e981c2c87b47ad8437f5c8c8,4,1,0.0009,133.5203,1191.8287,488.4143,488.4143,1191.8287,0.4098,1.0,1,2,0.0,0,3,low,0
0x04d77f0bcc07515b0ba5d67bb812d6dcf1f1b2f6,51,19,35.7787,46.0163,953.8486,508.1754,362.0968,246.2941,0.5328,0.7125,7,6,0.6794,0,137,low,0
0x04d9d6934fa51db9f34afd7e65ca08a9d9dfd818,4,3,6.8714,82.1676,10.6617,1.5792,0.0,0.4031,0.1481,0.0,1,3,0.0,0,96,low,0
0x04d9f6ecd792e48a09fa5dc2138baed8e628a7e5,1089,67,81.1493,4.8381,38506.7771,31630.152,31334.6042,37160.2231,0.8214,0.9907,178,8,0.9923,0,396,medium,0
0x04dc6792cdf6f04acf894780cfb486fd0987ae86,12,5,9.6258,15.9408,34361.6719,22514.9896,22025.523,0.0,0.6552,0.9783,5,3,1.0,0,325,low,0
0x04dd50bdd139a9981bbaca6451f79b22d5af3ecf,3,2,1.2344,13.6489,8337.0191,3952.9835,0.0,1273.0809,0.4741,0.0,1,2,1.0,0,383,medium,0
0x04dde662ee487ca57b13932a23352eb854ec36bf,1,1,0.0,67.4858,0.0,0.0001,0.0,0.0,100.0,0.0,1,1,0.0,0,650,medium,0
0x04ddf96a61c4c44731f04df4e963f61cfe3c9c6d,147,40,67.9732,60.3543,9007770.1811,2820570.9632,2587763.7851,7106202.2159,0.3131,0.9175,38,7,0.9842,0,37,low,0
0x04e143012ddcd4da17c439992614f51d4f2d367d,4,2,23.7297,23.5206,1.0189,0.0,0.0,0.0,0.0,0.0,1,2,0.0,0,290,low,0
0x04e1a99f76658931ef68f1b6a948378834282954,28,5,32.8377,72.2982,1736.0975,1051.5622,1053.4008,6980.2448,0.6057,1.0017,4,4,1.0,0,27,low,0
0x04e2b5c5d91f7f630d36142043d8a1752af689c0,4,1,0.0015,117.1025,4056.2993,891.6931,891.6931,4033.1193,0.2198,1.0,1,2,1.0,0,7,low,0
0x04e40c8f0b5c7e71d2eaca55387405326d533f56,44,10,27.0902,62.2014,13769.6109,1662.4412,0.0,95075.6553,0.1207,0.0,11,6,0.0,0,156,low,0
0x04e45ee310048f79d0eb1d7efedaa45c1973dcc1,6,2,17.2775,14.7584,218.8024,105.2419,0.0,0.0,0.481,0.0,4,3,1.0,0,674,high,0
0x04e492d349e82cafdc314cc0d966592b6ee9df11,675,77,78.1044,0.3682,459072.644,356873.2048,282871.1079,315896.0111,0.7774,0.7926,183,8,0.9584,0,432,medium,0
0x04e51339af9f53915c2ad3a955b13c9ba5a67433,26,11,50.7502,29.4466,283055.0233,213648.4381,212162.1501,280974.6845,0.7548,0.993,5,1,1.0,0,25,low,0
0x04e55a3ae9d3083544409b1bb9809f983f67fbdf,18,5,16.2065,72.1338,6026.8894,2006.1558,1996.6101,7104.3237,0.3329,0.9952,2,3,1.0,0,20,low,0
0x04e6e7c324cfb56173d2028e18bf3207b169a71a,28,4,3.1971,107.0153,1136.5374,352.6006,351.2939,754.0714,0.3102,0.9963,7,6,0.9771,0,38,low,0
0x04e81e32966b75f900c2aa2bf7f0c31f75c11310,2,1,0.0,112.2434,0.0216,0.005,0.0,0.0,0.2315,0.0,1,2,1.0,0,50,low,0
0x04e8a3412d46f8625005d8e320c45b6f3c0242df,17,9,11.1088,83.1887,2732.8666,1806.6385,1799.2219,4552.2914,0.6611,0.9959,2,3,1.0,0,15,low,0
0x04e9601bd84b0934af81475670ae5d0ab5e4b9b9,26,11,61.8121,27.3925,151995.2575,128447.2467,5404.9366,6409.1567,0.8451,0.0421,5,2,1.0,0,85,low,0
0x04e96cdcfbcce8c972c5f976117784933e0cc6af,6,3,28.1853,23.604,1.3965,0.2018,0.0,0.0,0.1445,0.0,2,2,1.0,0,423,medium,0
0x04ea240f764d8784d76485863ee5accf9e336f9e,19,4,4.8085,77.5764,92.7039,63.5087,63.2962,92.39,0.6851,0.9967,4,2,1.0,0,42,low,0
0x04eb9b28d200a20337a5383b02f8b19cd419f577,58,15,79.2345,11.8674,10052.7115,4620.1396,1223.6808,11370.7381,0.4596,0.2649,10,8,0.9824,1,642,medium,1
0x04ec042478e6aa2a0a655edc088f3cc39cf0a7dc,13,5,5.6051,31.4815,77677.6283,11596.6741,11589.7071,77159.0014,0.1493,0.9994,2,3,1.0,0,78,low,0
0x04ec1f418d38fb0f849d62eacf9727ad9f8e410c,20,6,84.7942,6.7599,65732.851,28100.4296,1001.5816,0.0,0.4275,0.0356,7,2,1.0,0,305,low,0
0x04eca8193ca0a4ea0b368ad36d79eba7654262b3,22,3,2.1185,75.8598,16051.6896,9990.7768,10080.1382,26285.8387,0.6224,1.0089,4,3,1.0,0,24,low,0
0x04ecb5f063d5ffbaf3268af1a3ccaac296f74121,11,6,86.2677,6.0861,74046.4568,58854.8397,60484.5846,75866.0274,0.7948,1.0277,1,1,1.0,0,25,low,0
0x04ee01137811d587ecbef9262a8db2248666f341,7,1,0.0028,75.1159,0.0,5015.8871,10031.7751,43872.2955,100.0,2.0,1,3,1.0,0,15,low,0
0x04ee10fd378f7cad5ac5751d7cd0f42b13ee3b76,481,89,134.5268,6.6549,1478662.2581,453642.9222,353522.7816,1267728.9717,0.3068,0.7793,31,8,0.8089,0,59,low,0
0x04ee321ee32021c6607a5e6421b3e09008bebc08,3,1,0.035,23.5556,2.273,0.1119,0.0,0.0,0.0492,0.0,1,1,0.0,0,351,medium,0
0x04eefaeb6f90a5627dba307c15a65acf3e589573,23,5,18.9575,73.41,19508.4151,16489.7676,18021.8223,21634.3718,0.8453,1.0929,3,5,1.0,0,24,low,0
0x04efc3225aa96a0fcb977bfbada6712f99310545,8,5,24.4142,50.2338,0.0,479.8018,960.8237,1906.3119,100.0,2.0025,1,3,1.0,0,57,low,0
0x04f004eb2431e8f79fe0c671c807ecb2f5cc71ff,29,21,110.2522,0.8366,2027.9829,400.2877,400.8363,1242.9387,0.1974,1.0014,3,6,1.0,0,151,low,0
0x04f14602b7d1fdaa374aef914bb161e5cbeba6e6,180,30,43.9992,31.8987,60865.3718,30713.8535,27316.9129,43287.5061,0.5046,0.8894,34,8,0.1924,1,417,medium,1
0x04f1d25968cc1ad76e773d1b06acee6c502c93dd,149,58,100.0492,2.9747,14774.3189,6320.438,3067.5375,5540.5968,0.4278,0.4853,39,7,0.523,0,344,medium,0
0x04f1fc616db817879898aa1635d574593f227b4e,145,39,87.6188,0.0071,36792.3577,9823.0799,4866.0776,5559.7912,0.267,0.4954,54,6,0.8887,0,476,medium,0
0x04f273dde0c27ae188f81246bbda93f444cd9dd3,10,1,0.0309,77.4224,164.3925,73.3751,73.3751,164.3925,0.4463,1.0,2,1,1.0,0,30,low,0
0x04f4d6f45d2132ab59a825b0ef294eef87a652bf,30,10,21.2394,102.8933,803.3542,177.4993,0.0,322.4422,0.2209,0.0,7,3,0.0,0,32,low,0
0x04f5a06edf6a92e77d6aa12bdb2c5c7517553fa5,6,4,7.0945,48.6247,263.9373,159.5297,159.7169,262.9248,0.6044,1.0012,1,1,1.0,0,54,low,0
0x04f5c67be870758e6d5200a15f7722b471ebb821,10,1,0.0057,108.802,6.7283,3.362,0.0,0.0,0.4997,0.0,5,1,0.0,0,48,low,0
0x04f648bb839033bba7c6341529bd7dd6fd6d413e,148,58,106.2732,6.8932,346852.3035,340223.8192,289898.0987,342931.3586,0.9809,0.8521,31,5,0.9412,0,94,low,0
0x04f8dbe39e3bc4bbdf514563f1e63acd040edcae,2,1,0.0014,53.7678,19.6454,6.0467,0.0,0.0,0.3078,0.0,1,2,1.0,0,304,low,0
0x04fa883269422682eefb7dda4ebfd66859e0fe63,2,1,0.0002,19.4744,0.075,0.015,0.0,0.0,0.2,0.0,1,1,0.0,0,385,medium,0
0x04fb136989106430e56f24c3d6a473488235480e,474,97,130.5817,0.2479,223760.494,160017.6254,19161.4846,11308.4602,0.7151,0.1197,160,7,1.0,0,411,medium,0
0x04fc359e0a815db4ee2498873da41a0143a594aa,4,1,0.0011,110.0748,32767.135,5928.0403,5928.0403,32954.1916,0.1809,1.0,1,2,0.0,0,4,low,0
0x04fc43e8f4da7fbae135cb0ae73b8913d8e044d8,97,40,72.9991,30.761,2389.5877,705.3817,707.4914,645.5162,0.2952,1.003,12,6,1.0,0,123,low,0
0x04fda72d3a0dbbfa6793a604cedb5e5631750df2,2,1,0.0004,23.5959,0.508,0.1014,0.0,0.0,0.1995,0.0,1,2,1.0,0,518,medium,0
0x04fdac80b3ca0b9066bd275f176dc807e3908a8e,66,12,80.5727,42.7859,14521.7371,8230.856,8243.5283,21772.5437,0.5668,1.0015,8,8,1.0,0,78,low,0
0x05014b4f8d9230eee9660f5f6eba4f0597d6bd86,2,1,0.0,114.7525,0.0182,0.0044,0.0,0.0,0.2427,0.0,1,1,0.0,0,25,low,0
0x0501ce52054d546b62045da91647212e00d85f9e,4,1,0.0018,106.6286,10456.1314,666.7391,666.7391,10456.1314,0.0638,1.0,1,2,1.0,0,12,low,0
0x0505bad45bc350d3fdcd670800343626696d5ec6,38,14,29.6229,36.4653,579.7288,240.5133,2.9263,298.0227,0.4149,0.0122,7,7,1.0,0,446,medium,0
0x05069a643656f4d38df42b054c3c25ce75c53cfb,129,38,91.0801,15.8821,7395.8868,2070.1846,643.8249,2885.6886,0.2799,0.311,13,9,1.0,1,597,medium,1
0x05070c5b87fb811ad523053e8d0ddc1de663676a,13,8,9.0344,0.7361,34593.4864,4869.4426,594.7237,0.0,0.1408,0.1221,2,2,1.0,0,456,medium,0
0x050720de5b724af8082190ae387174f5fe472d4b,12,2,19.0066,55.2544,1042.2257,542.5123,542.818,1531.1191,0.5205,1.0006,2,3,1.0,0,50,low,0
0x050748fc07e2d0d53700c064080b9602ef427af8,2,1,0.0005,23.6062,0.341,0.1705,0.0,0.0,0.5,0.0,1,1,0.0,0,384,medium,0
0x0508c3a6cb083b03d760a2cd7bd28a0a32a63e84,288,37,44.7663,94.2361,1422547.4191,1658621.6161,1203970.771,717306.0712,1.166,0.7259,88,8,0.7517,0,40,low,0
0x05097c27631f3c41237c7abef075c4b8e281eae7,134,41,69.8072,10.4714,27103.4181,16062.7021,17029.7434,53135.5358,0.5926,1.0602,57,7,0.9924,0,368,medium,0
0x050b2acf987f60bbfac8a8312a5c84c781058b52,2,1,0.0019,36.0976,82.21,35.5599,0.0,0.0,0.4325,0.0,1,2,1.0,0,420,medium,0
0x050bcc773c1dd7b78624291f1ca3facb690ef09c,30,9,41.0116,31.0078,8045.8524,4381.1736,2601.5486,2556.0092,0.5445,0.5938,11,2,0.6539,0,124,low,0
0x050cec6a33d5ee57eaaa8124bdb9bcb7e0d817db,6,1,0.0143,23.4658,2.0434,0.0283,0.0283,1.9869,0.0138,1.0,1,2,1.0,0,260,low,0
0x050d9f92aaad5c4fb676e3e4f233e18e6f167698,79,40,78.853,0.7105,2254.2423,1663.1527,303.5905,1151.8289,0.7378,0.1825,16,8,0.94,0,559,medium,0
0x050ee024a0ffd8b9bd383271835b27dd66c3fec3,442,66,125.9758,3.5902,2119215.6826,1120099.6119,1041521.1636,726111.3368,0.5285,0.9298,138,7,0.991,0,190,low,0
0x050eff11eb0b016fd8cf4d4f564584626f09ee60,8,3,73.2379,11.9328,600.1247,349.8512,350.5116,957.1668,0.583,1.0019,2,3,1.0,0,127,low,0
0x05119e9c19a50e66cc085b2dd2730897f470747f,8,4,6.3936,71.0105,2264.8082,1245.5787,20.0734,1361.39,0.55,0.0161,2,2,1.0,0,70,low,0
0x0511ff29c615e4b1065da22819195b7080a1ff28,16,4,17.0152,89.8141,328.2953,179.6337,71.0346,268.5658,0.5472,0.3954,3,3,1.0,0,36,low,0
0x051464267416f04a0b38b081f7f6eb150a588dfb,48,13,26.1746,1.3075,64452.1044,25262.1962,15804.756,40516.484,0.392,0.6256,9,5,1.0,0,330,low,0
0x05182e579fdfcf69e4390c3411d8fea1fb6467cf,9,6,89.4423,45.678,538.3428,106.5797,0.0,99.9865,0.198,0.0,2,2,0.0,0,60,low,0
0x051886c7bef4b86906cb0994f14a4f6a1d120a7b,4,3,83.3487,0.5598,1952.401,72.8658,0.0,0.0,0.0373,0.0,1,3,0.0,0,420,medium,0
0x051a3190c9342211eb311723b23b8c7cbd7b5a5d,4,2,2.4822,97.8892,1678.4809,491.0473,0.0,0.0,0.2926,0.0,1,2,0.0,0,40,low,0
0x051ae28151a68cceea5e234694b82c913a802fb9,5,2,1.0639,76.2654,622.2616,64.2129,63.4813,63.7511,0.1032,0.9886,1,2,1.0,0,45,low,0
0x051b903060920fc5751479a85ad5340587267a53,39,8,57.3427,24.6653,9470.1386,3411.1038,1104.2488,1799.8302,0.3602,0.3237,7,6,0.6263,0,227,low,0
0x051ba1cf67593ea9e697a1039c549cc94660c4b2,24,7,22.3506,106.4055,9785.4166,4506.1015,0.0,0.0,0.4605,0.0,8,4,0.0,7,993,high,1
0x051ca9ee1263a1d2a6d25d7c284a2ae9c3edbd7b,6,3,21.5825,82.1863,2473.3572,590.9966,0.0,0.0,0.2389,0.0,1,1,0.0,0,36,low,0
0x0520e146a8eb11276ae1b4afdb9ab02bdb27b831,9,3,4.2587,72.8801,225.0424,8792.6758,17579.8077,20396.2715,39.0712,1.9994,1,4,1.0,0,28,low,0
0x05220a8663909f5f2bd9ceb393d7f7bd7383c8af,2,1,0.0006,26.5986,0.5609,0.2804,0.0,0.0,0.5,0.0,1,1,0.0,0,362,medium,0
0x052370f3278cd2ad96be34bacc1748ebf8c99056,53,22,31.3708,0.0788,14228.336,8037.7542,1695.7325,4335.7597,0.5649,0.211,6,3,1.0,0,264,low,0
0x0524849b35de1273b41918ce5c0f5b260a4bd033,56,13,49.155,105.823,450753.588,179915.6436,179368.5344,493777.418,0.3991,0.997,11,5,1.0,0,6,low,0
0x0524c91701fcc461c90b3120769b5f295f706a16,41,10,44.6135,97.4815,5559.0306,1979.6801,1980.5714,4532.8277,0.3561,1.0005,7,6,1.0,0,19,low,0
0x0524e7c0c1ae860b58089c747544db7393a0e5d9,19,9,44.8325,10.0444,2214.1403,64.0924,18.7345,99.8885,0.0289,0.2923,5,7,0.293,0,635,medium,0
0x0524f2b8765ee3a1a033311ddc9e2dcaad34b8c3,83,48,83.9944,0.2153,982.383,100.1007,100.1374,476.4219,0.1019,1.0004,2,6,1.0,0,119,low,0
0x05250b39a5c97c289c79ce2c83f3af8dd60aa438,6,2,1.9306,107.5511,1791.7338,895.8669,1027.1969,2050.4737,0.5,1.1466,1,1,0.0,0,4,low,0
0x05255995c8c766e4f71c48c0dd3c3e001d9a34d2,4,1,0.0013,117.3677,15204.2333,4591.9411,4591.9411,15204.2257,0.302,1.0,1,2,1.0,0,5,low,0
0x05264ed450de7be1e0a4aeda3fb73d23e2abeb7e,8,3,4.5737,76.1808,948.0628,360.293,360.968,360.6151,0.38,1.0019,2,3,1.0,0,42,low,0
0x05275affa4b235deacf99e490f3834273c15ea8b,281,33,40.0908,87.6044,1129943.8227,1071722.9114,1070483.0692,1754703.0059,0.9485,0.9988,50,8,1.0,0,29,low,0
0x05279be7b95aadfd686d24fcf6740869c81b7532,98,8,40.0165,41.1129,8477.1417,5217.321,4706.9581,7811.02,0.6155,0.9022,22,6,0.664,0,159,low,0
0x0528f588718437c2bd3d9e4e1965bd570a4c7d6c,5,3,7.1645,12.2866,267.952,153.3654,0.0,0.0,0.5724,0.0,2,4,1.0,0,684,high,0
0x05293c6f76202cf49be925f9a0d33683d98cc4e3,13,8,62.4755,10.6251,126.2171,410.1906,295.4051,0.0,3.2499,0.7202,5,5,1.0,1,744,high,1
0x052a44f7e4213413b9b9440ded0175a3b43bffc1,3,2,1.353,17.513,48.2596,37.3009,0.0,0.0,0.7729,0.0,1,3,0.0,1,748,high,1
0x052afaf0299673d62d22fd60d585fb6f0284ec47,8,3,3.9858,31.5328,10121.0685,1791.8322,1779.5051,0.0,0.177,0.9931,3,3,1.0,0,260,low,0
0x052ca94ed9ccfe1f84844ec9b4705c13279f1fd9,30,4,17.3947,114.4417,1279.8801,749.2343,751.1554,1283.1538,0.5854,1.0026,7,1,1.0,0,7,low,0
0x052cd92257aa17b3f965c4b0d3f51f0d223c6950,4,2,21.5017,23.5446,0.8563,0.0224,0.0,0.0,0.0261,0.0,2,2,0.0,0,372,medium,0
0x052ddf34b4f7e8754425958ff14ac8b5ae4c4e5a,15,7,65.685,7.0987,3856.6137,1943.5927,957.412,627.2438,0.504,0.4926,7,4,1.0,1,620,medium,1
0x052f348a45620f2c26926d2b58548c7eaeadf870,166,49,106.9376,0.6435,229552.0666,98763.556,81315.9798,370561.0503,0.4302,0.8233,16,7,1.0,0,118,low,0
0x052f3e2d4982fd668783f2a04c17a2235c003fae,4,1,0.0018,128.0764,2880.8732,771.9467,771.9467,2895.1597,0.268,1.0,1,2,0.0,0,3,low,0
0x052f97b6d5fbb925ec65f963bab19b444798b568,13,2,1.1079,82.3006,310.3153,118.1762,118.0201,0.0,0.3808,0.9987,4,3,1.0,0,72,low,0
0x052fc1d7121066a22c03f9332afca1653e0942e3,2,1,0.0013,43.3962,0.7785,0.3892,0.0,0.0,0.5,0.0,1,1,0.0,0,246,low,0
0x05315653e6e5bc09c383e71062a1387e1c5ce341,9,5,17.0236,40.6412,117.0716,1.9976,1.9976,116.0128,0.0171,1.0,1,4,1.0,0,201,low,0
0x05318780cf680ef49f9aa4edb40b628462029bd6,32,1,0.0046,128.0536,2.3634,1.1576,1.162,2.3723,0.4898,1.0038,10,2,0.0,0,15,low,0
0x0531f17900e2f7f4154becfeb0516007a09729ea,4,3,4.2377,76.9656,807.9361,249.9778,0.0,0.0,0.3094,0.0,3,3,1.0,0,223,low,0
0x05327ca0590e721d5af0549ec40415d05155a2a4,25,12,121.4282,12.0729,14090.1427,9490.9735,7014.6529,6168.5461,0.6736,0.7391,3,5,1.0,0,67,low,0
0x0533abab4129b3a44ac45c8267d964cbfd5177f1,40,16,64.7458,16.4867,1844.076,608.3677,304.915,1930.5403,0.3299,0.5012,6,5,1.0,0,216,low,0
0x053688942c0eace50fca3f5629aa12024c09c954,24,18,77.9552,0.6399,6106.9339,998.8505,0.0,1018.7912,0.1636,0.0,2,4,1.0,0,269,low,0
0x0537cb86f771fe6f73655d06462547dccfc48709,2,1,0.0,113.6726,0.0404,0.0054,0.0,0.0,0.1344,0.0,1,1,0.0,0,25,low,0
0x0538146cff9325928f6394661fd6d0cc5b792edb,37,13,58.9634,14.5484,8262.03,7044.2944,6249.2275,900.5784,0.8526,0.8871,14,6,1.0,2,827,high,1
0x05385d702678e30c71fe795f9193fc12e1bd37b1,54,4,5.9773,114.6101,15335.3546,3497.935,3473.1229,15749.3878,0.2281,0.9929,17,5,0.993,0,23,low,0
0x05390ba1f2c390fb4c69a252f9292e06552e76b0,10,3,22.3778,36.9577,607.7115,200.3683,205.1341,0.0,0.3297,1.0238,3,2,1.0,0,158,low,0
0x05393e3a9e6bedfb8d42af2e4087c7944359619a,29,10,35.1136,1.0431,273661.3325,222569.5841,91.2404,10473.6548,0.8133,0.0004,6,5,1.0,1,704,high,1
0x0539b872df4e0bb8a7ff8566d61aa08530009e0b,13,3,5.8722,76.8546,2028.7915,1402.6678,1397.5503,3393.435,0.6914,0.9964,2,3,1.0,0,25,low,0
0x053a19dbc9fd177b7d71de03d9ff7475e89f9d53,13,7,77.9709,10.6709,2776.8155,200.8335,200.3479,2036.2095,0.0723,0.9976,1,6,1.0,0,164,low,0
0x053ab16a247321e312f3a8a2a0a8abda48707241,21,9,74.6253,54.6595,1060719.9091,499680.5083,399469.9283,1224361.6275,0.4711,0.7995,3,4,1.0,0,12,low,0
0x053bb067126b2641a3696d0849b6957e99344530,9,5,49.6384,8.7102,28010.6061,8061.2699,0.0,10100.1437,0.2878,0.0,3,2,0.0,0,208,low,0
0x053bf9ab3b044137eff39be4857eab5e3a40a239,12,2,7.8044,97.7875,781.6611,554.2921,547.1343,773.0639,0.7091,0.9871,1,3,1.0,0,11,low,0
0x053cd8b1c0b52ffe500807739e79cd5efe4eb00d,4,1,0.122,23.3796,50.0297,4.0024,4.0009,50.0111,0.08,0.9996,1,1,1.0,0,239,low,0
0x053f4977dcda4506032c5ec230c31242fd123ee1,88,40,69.5632,0.2611,40489.3091,23727.0609,14465.6179,16135.5886,0.586,0.6097,27,4,1.0,0,283,low,0
0x0540003bbd356a49bc2e74a3f8f872dc318dc46b,91,36,64.3707,76.6755,418677.9185,326605.0135,248580.7318,335279.3593,0.7801,0.7611,22,4,1.0,0,16,low,0
0x05404b6f8990a4108150366adb572a870b137edc,473,82,135.1833,7.8645,32452.8971,15823.2746,15800.0004,33577.1596,0.4876,0.9985,59,8,0.9961,0,145,low,0
0x0540a183be580660a4c7399311b080fe13b06a11,58,18,55.9585,5.46,3579.4926,2507.6707,0.0,4672.1944,0.7006,0.0,20,7,0.0,0,610,medium,0
0x054161306434f11bc27a980745a7e35f5e99cc17,3,1,0.0195,92.0201,14.9161,11.0241,0.0,0.0,0.7391,0.0,1,1,0.0,0,51,low,0
0x0542e8f95f765b81cd6a08db37d914f664db5d3e,3,1,0.0056,8.7214,3.985,0.9962,0.0,0.0,0.25,0.0,1,1,1.0,0,578,medium,0
0x0544c10cf254eede9711b9fb6cc803ff3c3bb628,2,1,0.0014,8.6316,0.15,0.0158,0.0,0.0,0.105,0.0,1,1,0.0,0,465,medium,0
0x0544ca49c5b41eaa5a150f44c158ea2018dbbe97,2,1,0.0004,23.5522,0.0112,0.0008,0.0,0.0,0.0674,0.0,1,1,0.0,0,336,medium,0
0x054a164d91efa1cf07c2f682d2c9d618c9076f85,4,1,0.032,0.9349,7567.3644,2979.5513,0.0,2979.5513,0.3937,0.0,1,1,1.0,0,399,medium,0
0x054d68e679dcc51ae2f9bd66d0e260947225d128,25,10,64.542,19.5384,21125.3022,11437.1284,8156.7435,5399.7099,0.5414,0.7132,6,6,1.0,0,195,low,0
0x054f16fa8ecc15dc47d22422d3d864eba43e87cf,76,11,40.0205,49.5055,2632.3149,1126.7888,976.0669,604.4143,0.4281,0.8662,23,5,0.6696,0,156,low,0
0x054f3f0b924c04cffbb7da01758916c2ec2b8ab9,57,17,84.1261,0.0707,19562.6845,12276.4245,12037.4939,37717.9498,0.6275,0.9805,10,7,0.9883,0,238,low,0
0x054f52abacec7481b912135356da0e893af5a36b,58,24,88.4795,0.0985,1810.1687,6957.5732,6016.2296,3364.0561,3.8436,0.8647,24,5,1.0,0,385,medium,0
0x054ffb629aae21f407a63e3ce78e9878d53c4450,2,1,0.0002,23.5564,0.1119,0.0112,0.0,0.0,0.1,0.0,1,1,0.0,0,344,medium,0
0x0550dec49ceb48508c847161bb2486fff347d6fc,30,8,20.9921,70.178,4638.719,1920.2572,1130.7366,4129.283,0.414,0.5888,8,5,1.0,0,86,low,0
0x0550f5196ec5c453f8326c7b9bbc3ae60acaac7a,18,11,75.9625,45.4643,404.9123,190.9825,183.0517,0.0,0.4717,0.9585,8,3,1.0,0,122,low,0
0x0553aeaaa787ca5bbca6e172d3fde33957ff4b91,67,29,136.1587,2.4025,43259.6511,14953.9481,15761.3786,35341.2951,0.3457,1.054,10,6,0.8088,0,83,low,0
0x0553d865f1b279d87fe296ad28af11b02a7274ef,12,6,13.5875,73.9923,814.15,350.5237,349.9621,500.6561,0.4305,0.9984,2,5,1.0,0,51,low,0
0x05547ef01188a7ce563d44cb26391f1d24a51683,4,1,0.0006,135.2203,6624.9848,1558.4462,1558.4462,6624.9848,0.2352,1.0,1,2,1.0,0,4,low,0
0x055622a2fda7d6f3b813adcc70a32203e2eabc58,22,12,25.8089,55.2874,30694.2866,18528.762,18548.36,27115.8455,0.6037,1.0011,3,4,1.0,0,32,low,0
0x0556ba62cf5325e058d1ab758f76e9c0bb201ed9,17,7,45.5399,39.9969,6859.6552,500.6656,500.9697,11548.8914,0.073,1.0006,1,5,1.0,0,59,low,0
0x0556d8577f44cd4aa6d0fd89b6670e6ca2fa7fd6,13,2,5.9629,5.9326,89.8089,60.9278,0.0,0.0,0.6784,0.0,6,1,1.0,0,664,medium,0
0x0556e7b4190a2a17cf5d1c549b2fed7f34622a8c,2,1,0.0014,23.5414,0.2238,0.056,0.0,0.0,0.25,0.0,1,1,0.0,0,362,medium,0
0x0557d5aeec6f2dbffdc2a4cdce59ae3286a2e896,138,22,50.4945,51.0471,32204.8833,11759.1874,11135.3866,28250.5637,0.3651,0.947,30,6,0.903,0,99,low,0
0x05580b7f012c40f0ed632cac5452baf95e1628bc,4,2,1.4148,22.1803,5.0805,1.0161,0.9924,4.9619,0.2,0.9767,1,1,1.0,0,252,low,0
0x05587a5e2cc8e154373ad05db9738ab3e672fb79,52,15,41.7312,61.6198,3720.2256,1118.3804,1018.2555,3246.7692,0.3006,0.9105,11,5,0.9062,0,70,low,0
0x055948f72297ed3b34a97dc35fa47b318cc7514b,6,1,0.0034,86.1652,1810.3801,772.4582,0.0,0.0,0.4267,0.0,2,3,1.0,0,121,low,0
0x0559f1ea983c22b31da99d916b69bca76ec2d860,2,1,0.006,1.2974,0.0159,0.0023,0.0,0.0,0.142,0.0,1,2,1.0,0,676,high,0
0x055a875cd844f04a2c2ee1bb72999d7e7b40761d,379,57,116.9339,3.2899,45028.7805,43463.8872,37446.5944,66357.3105,0.9652,0.8616,80,8,1.0,0,288,low,0
0x055be3a0cff9bfefc49a270e6a4cf4ecf70b8779,12,1,0.0774,76.2082,0.0,525212.6309,1048234.7232,1130254.2586,100.0,1.9958,3,5,1.0,0,7,low,0
0x055c23e9781d408895ce4d6f3f3fb6e5ad55f730,36,8,39.5933,57.7058,3308.8426,684.8988,310.5446,1979.0224,0.207,0.4534,8,5,1.0,0,122,low,0
0x055c5967aaf0b69868783c0527e526b7edc3f0fd,5,3,25.977,76.8083,65.135,42.2861,0.6983,0.0,0.6492,0.0165,1,3,0.0,1,189,low,1
0x055d4bc9855caba4d63b3276fddb0334060c5573,4,1,0.0004,111.8402,1077.1807,436.0081,434.7361,1074.0381,0.4048,0.9971,1,2,1.0,0,9,low,0
0x055dad607b7b17e3b51ddcaf14b69ec081bc253d,2,1,0.0149,23.5162,0.0112,0.0018,0.0,0.0,0.16,0.0,1,2,1.0,0,500,medium,0
0x055ec9b317dd215d37330ba8f41c70bddbf45678,127,12,18.0367,77.1746,3287.1742,1515.2077,1448.8295,3150.361,0.4609,0.9562,34,3,0.0,0,39,low,0
0x055f10edf3684e20dca3c20c063c736da702bcfb,56,29,33.8267,0.6241,4701989.7078,3349712.7361,0.0,285656.8499,0.7124,0.0,12,2,1.0,0,269,low,0
0x0560f3ac84eecbcc480af7ebe93313da8f7ea414,211,57,88.8275,0.3115,59719.215,91311.4087,79222.0782,55429.2142,1.529,0.8676,57,8,0.9054,0,376,medium,0
0x0563fcc76d4a53c1eeb2ba05655035c0ed04e152,6,3,66.9952,18.6234,183.7221,30.1234,0.0,0.0,0.164,0.0,2,4,1.0,0,475,medium,0
0x0564a1ad815472f0cb047f6b1b6f6003a25fe75d,2,1,0.0064,1.2969,0.0159,0.0023,0.0,0.0,0.142,0.0,1,2,1.0,0,676,high,0
0x05650a088669d09a70c1fbc3cea48a9ceaf33f0e,2,1,0.0003,144.9184,0.3576,0.1603,0.0,0.0,0.4482,0.0,1,2,1.0,0,19,low,0
0x05679df1e0f5719dabb8cbbfd46d9513c93907d0,32,24,84.5421,0.1158,145136.192,3794.9655,0.0,8681.1744,0.0261,0.0,1,4,0.0,0,131,low,0
0x0567d99a4420b8da0fd91c5ecba78955c04974f0,103,58,80.2038,2.1048,1026.2133,279.7281,280.8887,1271.1731,0.2726,1.0041,1,5,1.0,0,45,low,0
0x05682a10a7ff570e61ffc585042f3730f726c456,9,7,45.409,40.7633,278.2159,0.5528,0.0,210.2269,0.002,0.0,1,4,1.0,0,330,low,0
0x056a2909f81c63a6b18798c335a3f593402489c5,22,12,50.7103,71.5846,1162.9261,48.1695,48.4222,2415.8813,0.0414,1.0052,2,5,1.0,0,37,low,0
0x056a560537b780be6a4c35079cedb77822c58d82,103,24,97.2699,2.6675,14419.7386,10224.7082,8380.6033,9389.9997,0.7091,0.8196,17,7,0.7857,0,239,low,0
0x056aedee9d9817627996c2e76fb08b3e180b8184,6,3,86.1268,14.3887,9.9834,14.019,13.9824,9.79,1.4042,0.9974,2,2,1.0,0,165,low,0
0x056daa8c2878e9172dcf2d7054b075acce22d515,2,1,0.0006,23.5669,0.5596,0.056,0.0,0.0,0.1,0.0,1,1,0.0,0,357,medium,0
0x056e5648032e696461424fefbefd5660acc56d9b,4,1,0.0006,130.7544,1412.6217,564.3897,564.3897,1412.6217,0.3995,1.0,1,2,1.0,0,5,low,0
0x056eef32237b76e52da3b4268b0a77bd1c37404a,5,2,53.99,22.158,66.5539,25.4792,11.9489,0.0,0.3828,0.469,2,2,1.0,0,281,low,0
0x056ef71e202603e3aad84d42aed3632e995eac70,2,1,0.0,115.4814,0.0166,0.0048,0.0,0.0,0.289,0.0,1,1,0.0,0,25,low,0
0x0571c2fc7b5024f1efbf51f529e45625e63b2ccf,2,1,0.0003,23.5739,0.0011,0.0001,0.0,0.0,0.0653,0.0,1,2,1.0,0,487,medium,0
0x0572826741f58b2ffabc6fe2b196ea77993442d8,11,6,22.8854,4.2267,15055.116,10170.6653,4792.5813,99.547,0.6756,0.4712,5,3,0.563,0,375,medium,0
0x057313f0809f338763ddfc005e43ca7d9fac0a10,4,1,0.0025,108.5091,8167.4005,806.3641,806.3641,8148.0458,0.0987,1.0,1,2,1.0,0,10,low,0
0x05738aa4019e4bd797c4670fe66641ceaf88b2fa,25,13,94.9752,18.2558,3136.5351,655.3335,274.5476,722.5264,0.2089,0.4189,6,8,0.8468,0,335,medium,0
0x0575d52465bf30e9c0bfc3fd7256e4743a2f11fd,114,43,83.4796,5.8931,218870.2626,69106.0529,3063.8611,138529.6832,0.3157,0.0443,24,7,0.9632,0,360,medium,0
0x057639a8a802d8f5ce025dd6dc149ba1d17d234f,11,6,16.6629,71.0703,310.9061,25.1343,25.1252,221.999,0.0808,0.9996,1,7,1.0,0,96,low,0
0x0577ba0a9145afa894becc8f2387711fd48a6e04,37,13,81.5922,9.8477,13400.5142,4400.9772,4406.7373,4603.204,0.3284,1.0013,6,5,1.0,0,137,low,0
0x057bcaf22fe3994333bea7d27009ff27b95fb12f,10,5,135.1227,1.4569,2149.3387,736.2888,0.0,0.0,0.3426,0.0,2,4,1.0,0,299,low,0
0x057c1c29f1e071c8a4f92baf4255e8b76e5f8eed,33,13,80.8402,11.9183,32382.5616,22763.7176,22940.4942,49040.862,0.703,1.0078,7,7,1.0,0,168,low,0
0x057cbdf52f285319235983ef77ad96dfc9ce9620,54,25,84.0076,7.3862,40498.9677,15004.6767,14083.5035,40422.0343,0.3705,0.9386,6,5,0.9791,0,94,low,0
0x057d1a2b6ee1c3f1e478adb3059fd1541900e26f,11,1,0.8728,76.7995,1781.3996,926.4034,919.5515,919.5515,0.52,0.9926,3,3,1.0,0,41,low,0
0x057e26424db996ccf850a5e4d52d0c2457587d7a,21,17,126.8727,8.2935,26090.2296,8251.6614,501.0072,0.0,0.3163,0.0607,8,4,1.0,1,571,medium,1
0x057fe25001337cdfd44a7917fb999290f93e35f4,3,2,2.8906,20.6133,12.0011,1.1192,0.0,12.0081,0.0933,0.0,1,2,0.0,0,411,medium,0
0x058029f046ce0868cd7045343d3f831feae523b5,2,1,0.0,117.63,0.022,0.0038,0.0,0.0,0.1724,0.0,1,1,0.0,0,22,low,0
0x05808c037e9f759096cf77a7f1f50a9f01dd5c56,102,16,31.2357,1.1649,29212.7598,13537.4507,9343.7706,10861.2324,0.4634,0.6902,17,7,0.1478,0,397,medium,0
0x05810cd51a819eb4cdfa4bdba27a90feec167926,44,8,46.872,36.255,4096.2653,2321.3256,1681.1684,2739.1314,0.5667,0.7242,9,4,0.7243,0,110,low,0
0x0582a627a632dbf689786b1e537d22062706baa1,18,5,5.7825,73.5424,1303.1429,458.4282,457.5458,4179.0112,0.3518,0.9981,2,4,1.0,0,33,low,0
0x0582d6feae3fb27cb31826ea30a45f0e5b86ce7e,2,1,0.0,112.489,0.0326,0.005,0.0,0.0,0.1534,0.0,1,2,1.0,0,48,low,0
0x058440976f25ab70e3ed83980138806263e56994,3,2,22.134,23.4754,15.9037,0.0271,0.0,0.0,0.0017,0.0,1,2,0.0,0,419,medium,0
0x058476edacb23e9507cff379e7dd8cf4dee4d2db,24,7,48.3168,52.2038,449031.4045,161079.6074,161142.3412,767274.2535,0.3587,1.0004,4,5,1.0,0,27,low,0
0x05861850bdb054b967c9405c4d8baef2e047473a,94,19,74.7099,24.1157,22052.9425,18431.2264,18475.1811,66338.3747,0.8358,1.0024,21,6,1.0,0,140,low,0
0x0588fc09cfb90f057eb8bd46344ab483b7c42dd1,20,4,53.4349,86.6142,11040.3134,5709.2836,5694.5038,11013.3606,0.5171,0.9974,5,3,1.0,0,12,low,0
0x058ae85d9747b3003366b375b4643d51c9100d0c,146,18,55.604,50.3357,297529.7756,261426.5478,229391.3714,255737.2073,0.8787,0.8775,40,1,0.0,0,19,low,0
0x058aebff10cdc3057570cfc360ab9754da0d1241,22,6,6.4195,75.1175,1860.0301,800.6502,806.0548,805.432,0.4305,1.0068,4,5,1.0,0,56,low,0
0x058b0479324ccba9a002ab761bf74ed6ff361525,17,5,45.3928,70.7212,625922.4909,499446.0369,500836.7257,627587.3292,0.7979,1.0028,2,2,1.0,0,5,low,0
0x058b0a724821bb506ebd683915829ff9db65542b,4,1,0.0016,131.1472,1666.6898,617.1648,617.1648,1666.6898,0.3703,1.0,1,2,0.0,0,3,low,0
0x058b10cbe1872ad139b00326686ee8ccef274c58,522,22,42.5404,82.4733,61677277.9787,32143890.193,6046943.7275,40213407.632,0.5212,0.1881,100,7,0.0249,0,28,low,0
0x058b6e3812f85da4468cf55d98361436bc8e34f6,9,2,3.8977,65.7327,171.9944,53.5344,53.6709,53.6201,0.3113,1.0025,2,2,1.0,0,60,low,0
0x058b7ae6b79a769d365eb52883369b6fda899ec5,33,5,7.3689,91.5619,7452.159,4832.9347,4843.2317,7245.3055,0.6485,1.0021,7,4,1.0,0,24,low,0
0x058e6cf8872e54f8196b0dfb354344906a0798a6,4,3,26.8445,72.0135,186.5487,50.0832,50.1277,0.0,0.2685,1.0009,1,3,1.0,0,61,low,0
0x05924fea07959afc5ab178eb9de5403850299214,15,1,0.0746,112.0528,2919.9349,1435.1547,555.7098,0.0,0.4915,0.3872,6,2,0.3898,0,28,low,0
0x05928b30cdadf923980ad00655f89349d08751fd,55,9,48.0315,52.1878,15607.3357,4609.9398,4601.3406,49852.8599,0.2954,0.9981,5,4,0.998,0,28,low,0
0x05941c397545b80cc196fe139b989ab1be63197c,13,2,3.4452,79.522,19133.1518,10417.2245,10406.3223,20235.1119,0.5445,0.999,2,3,1.0,0,17,low,0
0x0595088cc2e0fca96cd7815633d0ff2cd3e7bbc7,3,1,0.0105,1.4399,63.8538,47.8279,47.8279,0.0,0.749,1.0,1,2,1.0,0,458,medium,0
0x0596fa0d5905a2ff0d1d48e5a3ccaa965e04456b,28,13,75.1094,11.9213,1576.8977,683.2236,503.1916,1916.0331,0.4333,0.7365,3,6,0.9448,0,174,low,0
0x05976ae3ab8e6b3b01039f616670d3dd18b440a8,85,24,66.7123,16.2823,205470.8864,33862.8901,33802.0716,255961.0846,0.1648,0.9982,21,5,0.9997,0,151,low,0
0x05986ff3f0e4c621ba6484762f2d734201c33b54,17,5,69.462,17.3732,385.263,64.3321,64.4785,503.9967,0.167,1.0023,1,4,1.0,0,95,low,0
0x0598b27a62dfed32267c65f71d212636828a5599,35,13,53.5488,27.4913,565063.4105,299108.4023,226632.347,629197.3231,0.5293,0.7577,9,6,0.9349,0,109,low,0
0x059949cb13386014e50039c5750b5f160b0d2778,369,54,61.5225,27.9104,254857.8825,116424.7709,115776.3055,235858.8448,0.4568,0.9944,50,8,0.9966,0,155,low,0
0x059b254553bb97ca61a99c2bbdbefb594aa94365,7,2,21.6595,23.4389,12.8589,1.3698,0.2395,0.0,0.1065,0.1748,3,3,0.1748,0,478,medium,0
0x059e51c98c0a5b89624e8c1937a001dbeaceda8c,6,2,14.4763,111.1022,11804.1101,8109.1512,5935.0137,7418.699,0.687,0.7319,2,2,0.7279,0,7,low,0
0x059ecc2543ebee56fd21209a229969286840ce3a,7,2,0.0616,69.7146,0.0,0.0311,0.0624,350.169,100.0,2.0053,1,2,1.0,0,209,low,0
0x05a03c1a64d75016a870f5abde6c85539cd38ec8,51,29,104.5197,2.2747,18554.5887,7447.5958,4326.202,13083.2808,0.4014,0.5809,10,5,1.0,0,176,low,0
0x05a082d4a4ae72304cb0518eaf460fa474f00620,83,40,59.2002,63.9462,4895.8851,3207.7534,3211.954,4691.6417,0.6552,1.0013,15,7,0.8451,0,59,low,0
0x05a08ee67f851cf618de3922d2c9da56fd7838b8,4,3,16.06,64.8128,976.0066,720.2808,16.3806,0.0,0.738,0.0227,2,2,1.0,0,157,low,0
0x05a09bd0798c0320678f760890731fbeac9b0b62,20,5,19.6739,77.4144,894.2041,367.7059,0.0,0.0,0.4112,0.0,9,2,0.0,0,115,low,0
0x05a120746daac8c26b234a7387ec17ba6df9079f,6,3,23.7862,63.3203,239.011,128.3789,0.0,0.0,0.5371,0.0,2,5,1.0,1,535,medium,1
0x05a28038dbc46d2f7c9e819d0ef6380499bf54d5,7,1,0.0327,77.1126,0.0,1601.0812,3201.3064,2625.4026,100.0,1.9995,1,4,1.0,0,30,low,0
0x05a404de8ddc44db9c9d579fda11e088a66fd1d9,7,4,14.5134,28.1044,99645.8644,78983.3207,83770.7044,131202.1972,0.7926,1.0606,2,2,0.4954,0,48,low,0
0x05a4a3c1fe0916ec75df97a03cb0d8b8408ec402,10,5,30.9552,51.857,523.859,144.5033,144.8325,257.1552,0.2758,1.0023,2,3,1.0,0,67,low,0
0x05a5512222dbf0a2227187ea096bc39b6b9b4991,13,2,0.8088,79.4601,320.3566,126.7662,0.0,0.0,0.3957,0.0,5,1,0.0,0,93,low,0
0x05a5787e3bd8478b9ba08a0ef2036296bc0edf87,6,1,0.0938,8.0529,16.3287,3.4621,2.9576,0.0,0.212,0.8543,3,2,1.0,0,569,medium,0
0x05a726aff20ab6b723a147fcb19d3fa6433d627d,115,36,116.8365,1.0678,1116036.9157,1264492.3627,878212.7083,1750590.637,1.133,0.6945,25,6,0.8741,0,116,low,0
0x05a9015530f7e4261797b1506af6fb4d8981f918,13,4,7.0307,78.7976,1487.0353,1102.2878,1141.4101,1545.513,0.7413,1.0355,2,3,0.7088,0,21,low,0
0x05ab8ff4726dfb3d965dcf606e570b734d66254d,19,11,22.9378,65.6016,1208.1864,9.9926,10.0157,818.8338,0.0083,1.0023,1,5,1.0,0,78,low,0
0x05ac24636011b12ffbe518100e26e25072498f0f,12,3,6.0143,86.4997,1589.806,489.2278,0.0,165.4283,0.3077,0.0,4,3,0.0,0,66,low,0
0x05acb1438730ca2e4ae69689c82a00731752a400,14,1,0.2685,58.1421,0.0,175366.3144,349620.0932,543697.1035,100.0,1.9937,1,5,1.0,0,9,low,0
0x05ae01015bd81d82e90c0263c5a90a948bef4bb9,27,7,37.5075,62.361,145233.4333,132721.8771,130198.2297,141133.4994,0.9139,0.981,6,1,0.0,0,9,low,0
0x05aeaabd4b221dc741b0213dedc1c2fe3613e2c0,237,53,119.8149,6.6631,42920.7062,16822.0429,16792.9129,32425.1694,0.3919,0.9983,29,8,1.0,0,162,low,0
0x05b024e370ae7d3e3678a52d5fb68ce9c4ab30f5,27,15,88.9706,0.7608,1991.8042,608.097,204.1729,655.1726,0.3053,0.3358,4,7,1.0,0,380,medium,0
0x05b0b833b8fb2f90cc00594f73fc560e6542bbf3,8,2,77.8709,16.1173,639.3174,542.1594,550.987,648.3251,0.848,1.0163,1,1,1.0,0,49,low,0
0x05b26f4df5372eefabb23039b69e2eabc8684666,34,12,82.3986,12.8081,5401.3922,1348.2342,1352.4848,3890.3251,0.2496,1.0032,5,6,1.0,0,159,low,0
0x05b2ad74e7387fa6a6feacc6465f7c5ccb4f9803,33,3,4.2066,94.1498,608394.4318,417065.8441,416836.565,607797.0725,0.6855,0.9995,8,1,1.0,0,6,low,0
0x05b43571094e8613c2e993b4a8534ef974e84d75,22,16,84.9955,18.6482,101429.6272,30018.3161,29968.893,160261.914,0.296,0.9984,1,4,1.0,0,24,low,0
0x05b4600b2e54b7bf090f39c2c6e7c70d0a571838,74,28,29.8323,1.1155,2886.3188,1635.7179,587.0759,569.7715,0.5667,0.3589,19,5,0.6594,0,543,medium,0
0x05b56b2b0e2f395f2f814c09c845ecf656b80b1d,147,19,63.3848,27.4553,14539.5735,8081.0095,6462.6951,9071.1406,0.5558,0.7997,42,6,0.8255,0,244,low,0
0x05b605b02eba1c306bd1d7e83d282597849ef3f6,2,1,0.0155,23.5581,0.0448,0.0123,0.0,0.0,0.275,0.0,1,2,1.0,0,514,medium,0
0x05b62442eebb2308ab39cf2dbb115fc47b633c52,150,13,25.4201,64.0486,139929.5848,93196.5373,78782.6365,119737.6387,0.666,0.8453,38,5,0.8475,0,69,low,0
0x05b68b3510021ebd6e2f1f49a1d4574437853602,28,3,73.5397,13.5061,11519.8299,7093.2555,7282.2666,13335.4136,0.6157,1.0266,5,1,1.0,0,52,low,0
0x05b95e058f04185f3aa8c47f025c2ce00a50ad6e,65,40,96.9548,0.8659,2854.1449,2005.7656,7.2473,401.4801,0.7028,0.0036,2,4,0.9964,0,120,low,0
0x05baba43f8be0876b72184b680d653e31adb1b65,13,3,3.6939,80.9326,5534.7663,2771.5656,0.0,0.0,0.5008,0.0,6,3,1.0,0,176,low,0
0x05baf63fe8b7f6bb8e00655b052a709b388d53d3,11,3,26.2016,14.0247,3088.4307,905.3106,0.0,0.0,0.2931,0.0,4,3,1.0,0,570,medium,0
0x05bbf0c12882fdecd53fd734731ad578af79621c,44,21,98.6431,10.5049,57086.1949,25210.9888,6535.9433,6860.7612,0.4416,0.2592,5,4,1.0,0,99,low,0
0x05bc47b7ca092a9219a5a9bcaa9728de55e4ae3a,29,6,20.4914,65.912,168597.6954,88076.9387,42100.2548,159354.5922,0.5224,0.478,10,6,0.4781,0,75,low,0
0x05bc5bf93fb199f423b080601d04cee4df82a3db,2,1,0.0002,19.4786,0.075,0.015,0.0,0.0,0.2,0.0,1,1,0.0,0,385,medium,0
0x05bdac85005e75c04d5cae59434a9e4182aefd90,18,7,16.4277,102.193,736.1514,472.0765,0.0,322.3579,0.6413,0.0,4,7,0.6796,2,464,medium,1
0x05bdf051fd2bdd05d366ee1ae4c02733c6823cc6,39,22,77.0442,11.3967,39234.6501,18648.4271,7260.4953,20896.965,0.4753,0.3893,9,7,1.0,0,284,low,0
0x05be4b528e49d3315f2e98343b70197805809327,7,2,5.8483,0.885,16554.4679,18004.3541,0.0,11782.4451,1.0876,0.0,3,2,0.0,0,389,medium,0
0x05be5be4e9a8f3d2592e36386c9340d1ae330d68,14,3,1.9389,75.5542,119039.332,49607.6415,49985.5931,115202.7362,0.4167,1.0076,2,4,1.0,0,19,low,0
0x05c001fc9f8bb3f2de12f4901532aec7cad3d446,13,3,3.98,75.5127,632.7247,165.1192,165.1035,275.7692,0.261,0.9999,3,5,1.0,0,77,low,0
0x05c0498541807d238450690d4d8a0149e0a84e4f,46,2,6.6776,121.9498,2802108.9417,2140749.4067,2140491.8017,7719016.0519,0.764,0.9999,8,2,1.0,0,2,low,0
0x05c0a11695e17c3d70a76d597d596c0f652ff9ea,4,1,0.0069,23.6034,0.0114,0.0057,0.0,0.0,0.4995,0.0,1,2,1.0,0,473,medium,0
0x05c18ffc1c74cb67cb26bb5222aaf3355b74bbc3,584,93,137.0482,0.113,2564425.1825,159524.4955,53389.8021,1895060.9152,0.0622,0.3347,27,9,0.9235,1,312,low,1
0x05c27519d3c87146fc0c9c75c3762e95402416d2,13,5,25.5183,78.7666,5464.82,760.5847,749.8302,5443.8871,0.1392,0.9859,1,4,0.0,0,12,low,0
0x05c2879f011db90cbe5387c8415fc8fe5e81efda,35,19,93.4345,1.6515,3810.486,901.4697,906.7791,2281.8016,0.2366,1.0059,8,5,1.0,0,216,low,0
0x05c3739cba77cbe93ad664e845edb45bfde62df5,2,1,0.0,115.3675,0.0179,0.0046,0.0,0.0,0.2591,0.0,1,1,0.0,0,25,low,0
0x05c49ea0823e51503cd782a88cbf36d8db54d562,9,6,37.1094,48.6995,294.4314,57.7135,0.0,38.7942,0.196,0.0,1,4,0.0,0,121,low,0
0x05c6df5d4cc1158629ffef15d67e34eee73a77b2,32,7,31.4419,54.1728,3770987.4538,1556069.0816,1553622.7336,5687360.6304,0.4126,0.9984,5,4,1.0,0,18,low,0
0x05c8f94d48672c9304d0774e164bbfb03beb78ae,4,1,0.0009,53.495,2998.8674,1999.1383,0.0,1001.2316,0.6666,0.0,1,2,1.0,0,136,low,0
0x05c985db49d9e29aa66b465f18c7c6dd244e9774,13,4,51.528,33.4136,4662.6943,1438.0787,704.1109,1825.4835,0.3084,0.4896,5,2,0.4898,0,101,low,0
0x05cbeb96622ec258fb0525a9bdd16182f9264df1,109,16,17.1519,64.259,48768.1088,22188.5276,11340.1051,16950.6484,0.455,0.5111,33,6,0.5524,0,137,low,0
0x05cbed339b897c1d53ddbf9881087308f02e41c8,19,9,49.4293,51.6082,15880.8292,3036.212,2957.4709,7377.2174,0.1912,0.9741,5,4,0.9698,0,57,low,0
0x05cc45d29dee48eb6e8620b508f7da7e118782f7,2,1,0.0002,20.3296,0.1357,0.0136,0.0,0.0,0.1,0.0,1,1,0.0,0,369,medium,0
0x05cd14412ccd74f05379199181aa1847ed4802fd,3,1,0.0034,1.3966,0.0317,0.0016,0.0,0.0,0.05,0.0,1,1,0.0,0,479,medium,0
0x05ce0c6ea73606fc6340943562550f12e764dcd1,2,1,0.0017,23.5859,0.1137,0.0568,0.0,0.0,0.5,0.0,1,1,0.0,0,381,medium,0
0x05cf60b657103efcd42f75a5e10a29a92e181f4b,19,2,72.3634,11.7606,406.3688,247.8138,246.5574,403.2742,0.6098,0.9949,5,1,1.0,0,113,low,0
0x05cfc5e72e8b7012fb9e811abbd1d66a7ce3e409,2,1,0.0,114.342,0.0351,0.0045,0.0,0.0,0.1272,0.0,1,1,0.0,0,24,low,0
0x05d19dcc556638641022b35d3f5c7e25c9b1b7c2,9,2,1.1638,151.8821,2759.013,1349.6209,1342.2478,2774.676,0.4892,0.9945,2,2,1.0,0,2,low,0
0x05d264cf6873f6d53dc1eb914f9a63b9106c10d9,7,4,53.7003,24.2656,9144.0117,3485.3456,0.0,0.0,0.3812,0.0,1,4,1.0,0,296,low,0
0x05d2bea5d43181387d7fb5827b29b0904f40c8ec,2,1,0.0008,23.5472,0.0011,0.0,0.0,0.0,0.0054,0.0,1,2,1.0,0,479,medium,0
0x05d2d40448ec264b542a3b2c308789796bce9e1e,20,4,11.5557,73.1239,9857.9506,6110.6046,6130.4898,14414.5045,0.6199,1.0033,4,4,1.0,0,33,low,0
0x05d2f53c5bd50defe43628e01197b47dcfa1764c,753,60,70.3156,70.7572,2182496.1513,1420536.5032,1422305.6079,1297112.5777,0.6509,1.0012,198,8,0.9843,0,58,low,0
0x05d45037ed91c3a6ed96935ec53e993c9cffb610,7,2,4.0386,66.2379,0.0,2914552.8955,5917608.2322,4334088.3812,100.0,2.0304,1,1,0.0,0,1,low,0
0x05d5b5d8f81b61ae473cf223aac694f13517a939,17,7,36.2277,51.098,16775.9681,602.4281,605.0711,16546.3384,0.0359,1.0044,2,3,1.0,0,45,low,0
0x05d8da465be1352d4e4a67d6c3c226f427021b4e,5,1,0.0031,88.9729,385.3986,65.4712,0.0,0.0,0.1699,0.0,1,3,1.0,0,104,low,0
0x05d959ff10fd30616b1b23cb012f2f71cd6c42d8,26,14,59.7423,20.3002,128.2353,92.7011,3.0095,29.0984,0.7229,0.0325,8,5,1.0,0,487,medium,0
0x05d9c7318e4cdd6ab6b04b135b628a290f9a47dd,4,2,67.1022,55.3332,10.0827,20.0132,13.0168,0.0,1.9849,0.6504,2,2,1.0,0,106,low,0
0x05da09fd7515bd600b89b89c0039d09bd91bf0c2,44,17,92.0508,8.5629,69113.9698,20662.3633,20710.2618,59188.7193,0.299,1.0023,5,5,1.0,0,77,low,0
0x05da0c89d3f38528bd5ff5a4d271e50e664401db,6,3,40.7792,102.5839,10509.5171,1316.8087,0.0,4044.165,0.1253,0.0,1,3,0.0,0,13,low,0
0x05db7e001f6650745dcff8044d3e5ade3af4c03a,6,1,0.0299,24.9044,195.8318,15.0511,0.0,0.0,0.0769,0.0,2,4,1.0,0,665,medium,0
0x05dbde7fe248c7f51d9e87063c4d5c4ec3322a1c,28,3,2.4962,57.8472,62.3194,63.8215,0.0,0.0,1.0241,0.0,13,2,0.0,0,285,low,0
0x05dcb24761e5f9d3e8138f811e4e06db7104478f,267,52,121.1165,6.7818,242293.9768,184364.7582,108128.4398,165921.0701,0.7609,0.5865,77,8,0.6817,0,262,low,0
0x05dd84aa953d75c659147045260352d89941e75e,3,2,4.3016,18.1483,21.6335,1.2567,0.0,21.2497,0.0581,0.0,1,2,0.0,0,437,medium,0
0x05de2c64e8b7d2b85c1e45843c3e97db0d3dd0ff,49,24,102.8247,6.139,3735.8986,1941.0912,1970.7496,7959.1201,0.5196,1.0153,9,5,1.0,0,134,low,0
0x05dfa941764538a29be71d32a462ae96facffb02,7,3,53.6838,60.203,715.7075,499.3663,502.9306,713.8664,0.6977,1.0071,1,2,1.0,0,21,low,0
0x05e09b56ec91620f9bab354c573712e446f8eb11,205,44,126.5532,1.1621,32009.486,18757.2168,15452.1102,17221.7281,0.586,0.8238,61,9,1.0,1,672,high,1
0x05e0a46a3a96478f8c6915f57e8089b3397e7cea,25,9,81.7231,15.0958,10734.8462,8176.5521,8168.6198,29983.3319,0.7617,0.999,3,5,0.999,0,76,low,0
0x05e1e0e85756cde16309083dd223948b4f34b813,5,1,0.024,118.9535,12385.1406,5025.4368,0.0,0.0,0.4058,0.0,2,3,1.0,0,43,low,0
0x05e1f287dde4f9514ed22000a62a45b0da9dc409,197,36,43.3492,53.2578,119533.5821,29784.5844,27444.6758,54133.9554,0.2492,0.9214,36,7,0.9899,0,109,low,0
0x05e2461c8c10138aee241268f28de6003d3dbadb,89,11,24.4438,103.7766,20838234.5053,16742072.3111,12546199.323,15206415.4204,0.8034,0.7494,21,2,0.1795,0,3,low,0
0x05e5a3e89794434042d4b8e51853fe28353f3343,59,38,80.0698,6.1571,460.1822,233.4683,159.6531,20.7691,0.5073,0.6838,6,4,1.0,0,192,low,0
0x05e5ab383f3c2d423cfd118b83420261ab0990bc,49,21,111.3214,12.6954,6238.262,2219.7815,1422.0488,8313.9571,0.3558,0.6406,11,7,0.5713,2,689,high,1
0x05e843051a31c0abd1fd35b5b08ead0345c3b7e1,29,2,4.031,73.3638,2558.0751,1574.686,1583.1167,2740.6459,0.6156,1.0054,7,4,1.0,0,56,low,0
0x05e9e2624a9c70efbcf9d51fc169d304d3d5df8a,103,24,51.9367,3.7554,27751.2758,12290.0898,1032.6048,11462.5952,0.4429,0.084,20,6,1.0,0,485,medium,0
0x05ea34e37b28962b9f17fce9cff68637ebb80e58,39,18,39.7982,2.1299,1960.6204,2413.9052,1613.4783,0.0,1.2312,0.6684,19,5,0.7365,0,647,medium,0
0x05ea3953d9e20d90b84c55311c6a989e68d1244a,2,1,0.0132,8.8483,2285.0535,696.994,0.0,0.0,0.305,0.0,1,2,1.0,0,612,medium,0
0x05ebdbd59a1cde6b913a4d7345e6a8de1ec9ee30,8,6,10.2029,74.3844,35.8197,10.8289,10.8642,21.6472,0.3023,1.0033,1,2,1.0,0,38,low,0
0x05ebf7b089a859af295b4f4d96673edcb5ef6621,303,67,133.7952,0.3359,744838.1518,1147864.0427,1175691.8135,1871125.5332,1.5411,1.0242,76,7,1.0,0,136,low,0
0x05ec08e0f92b0077e64ae43785b91ac248889629,10,2,0.3977,76.443,0.0,18386.2469,33465.2553,76312.1563,100.0,1.8201,1,6,1.0,0,18,low,0
0x05ed5e22bbf41969b11b3690700c8583b3844e25,90,29,67.9574,41.1352,1678.076,1072.8914,796.5527,1245.8557,0.6394,0.7424,27,2,0.0,0,61,low,0
0x05ed735c93879d84d082425572fe5ff827a0db56,122,34,72.1542,7.5761,3332.2691,1751.9547,1639.7868,4436.8917,0.5258,0.936,27,8,0.9664,0,418,medium,0
0x05ed9694f8f17d71d6385b891ba4c799394d9e44,13,1,0.1419,75.9755,0.0,3545.8865,7103.2501,33782.8966,100.0,2.0032,2,7,1.0,0,44,low,0
0x05ee3c534b3c640889148539568847b034424be8,71,13,12.8842,75.1827,4418.0434,2551.9949,2456.4851,2396.7359,0.5776,0.9626,17,5,0.9616,0,72,low,0
0x05efc12df01a04a1e92d817d4bf5447178cb5f2f,103,32,80.3874,0.8737,71177.6707,52398.037,27807.9746,66180.3064,0.7362,0.5307,19,8,0.7405,0,334,medium,0
0x05f0397c6dd5eb63b5ad51f9e7e87d0823e7632a,19,1,0.1954,48.8825,1761.0117,959.0947,955.6071,1753.9457,0.5446,0.9964,5,1,1.0,0,68,low,0
0x05f0b984052bafd32557c5edc33dd380c2e32762,6,2,30.2106,29.8198,3.0879,2.4622,2.6008,3.2592,0.7974,1.0563,1,1,0.0,0,89,low,0
0x05f1d03682e1f5c7da8028a2c0bdc73eded4f033,8,1,0.0609,77.5315,138.0908,51.6847,0.0,35.1615,0.3743,0.0,2,4,0.6821,0,140,low,0
0x05f5471afc2822d6a8a72bffeb8d809518e87e7c,44,14,64.2999,1.4692,70071.0228,48912.2327,15339.6278,22041.1945,0.698,0.3136,9,3,0.0,0,141,low,0
0x05f54eaf83bb7cb628a6424beb527eed605ac610,28,12,54.1257,46.5421,9355.0154,2148.1013,2162.48,3818.0925,0.2296,1.0067,3,5,1.0,0,49,low,0
0x05f590fb73b66c9a681101e8bbd868975fb2b3c5,29,22,92.6252,0.5639,6115.6993,1159.5666,785.7623,2386.1011,0.1896,0.6776,6,7,0.6701,0,308,low,0
0x05f78c7f3e79c3a6c453d188b013e3812e52cabb,5,3,22.8548,20.6874,1.0942,0.0001,0.0,0.0,0.0001,0.0,1,1,0.0,0,248,low,0
0x05f7ecf97b445a44b25ed19cd81f6e254c6ea7ff,18,13,45.3458,52.1142,14441.7537,714.9592,500.4577,6633.4006,0.0495,0.7,2,4,0.7011,0,51,low,0
0x05fc1b756b87591676b0970442fc6281db12e812,60,35,79.7153,1.1013,21302.3798,5371.7224,827.2087,8680.9661,0.2522,0.154,5,8,0.8452,0,320,low,0
0x05fc68f4b7714389a17128653f82d50bee98e542,128,44,105.5256,10.2952,44959.1347,52526.0441,36177.9049,96010.8955,1.1683,0.6888,19,7,1.0,0,149,low,0
0x05fe433fa225928e856966bf00f1270281e6f663,121,76,96.9369,0.4804,1019.4011,370.3068,32.1803,891.0384,0.3633,0.0869,9,5,0.7056,0,200,low,0
0x0600de154559da51a7b68388cedc72bdda941ddb,22,6,46.3163,82.7283,19866.1417,5501.0137,4708.6816,241.6642,0.2769,0.856,5,3,1.0,0,21,low,0
0x060107c887eba77cccf5ddbcd9631e2371ab6f22,14,2,55.8973,89.1142,355.4859,75.8445,75.8445,353.9947,0.2134,1.0,2,4,0.0,0,12,low,0
0x060557d6362d3f7e40381571fc85525c61c064c8,17,4,7.1799,25.3709,4409.1855,41795.9858,55661.3653,57769.5737,9.4793,1.3317,3,5,1.0,0,161,low,0
0x06056feef38a0c5ec0a1c7c8f3d4d4c06023b298,17,1,0.0564,30.1635,647.7879,223.5875,59.5989,59.6044,0.3452,0.2666,4,4,1.0,0,389,medium,0
0x0607aa9076c72dab964a04dbf73ef9ba58206997,51,10,10.8633,90.044,166503.4669,172379.6089,184666.7829,178510.3178,1.0353,1.0713,11,4,0.4114,0,12,low,0
0x06089bceee94a485c61b311cb61934d5cf8a684e,4,2,1.6781,21.917,0.1014,0.076,0.0,0.0,0.75,0.0,1,3,0.0,2,889,high,1
0x0608dd91be17e1ecbab078a14a075bc8e9ae6b95,58,30,30.4152,76.3388,36978.6216,32935.2595,27365.1463,30197.0132,0.8907,0.8309,8,1,0.0,0,6,low,0
0x060ad357c1f777fb031e7404ac26ee88b5a704b5,10,5,21.5608,82.7149,68442.6239,26365.4315,26357.8287,0.0,0.3852,0.9997,2,4,1.0,0,31,low,0
0x060bbb0bcc744293a1e7df8dd7cc2ec81951bf94,2,1,0.0006,23.6491,0.0227,0.0114,0.0,0.0,0.5,0.0,1,1,0.0,0,379,medium,0
0x060c5656a5cc445369c20042e57716e08789652a,15,4,52.0925,69.5969,9089.4788,3385.7056,30.5868,12480.0185,0.3725,0.009,2,4,1.0,0,41,low,0
0x060c7f117b1bc0f056b6c198d91dd5cc3b482b12,6,3,62.2809,17.1657,19808.3131,10122.048,10140.2439,23649.8179,0.511,1.0018,1,2,1.0,0,49,low,0
0x060cafc9f21db4171257ead799edb2fbffa56899,9,4,13.4164,72.6747,1395.1176,701.6166,701.7728,3484.8251,0.5029,1.0002,2,2,1.0,0,25,low,0
0x060cd95870d75c91168f12a451d71c3231a79c66,2,1,0.0138,1.2897,0.0159,0.0023,0.0,0.0,0.142,0.0,1,2,1.0,0,676,high,0
0x060cf7710b40686fd903894b9f65d10589d73f28,10,2,0.8186,71.0545,24008.5341,20572.6969,20462.3559,23923.4014,0.8569,0.9946,2,2,1.0,0,20,low,0
0x060d0cc814854f60cc6ca2566a047526a85f1d9a,4,1,0.0024,18.9373,66.408,33.0933,0.0,0.0,0.4983,0.0,2,1,0.0,0,431,medium,0
0x061122cffab0f594d3689865e935b2961f0a309a,111,62,105.0139,0.0355,127657.7833,47962.4566,3149.0738,75588.2008,0.3757,0.0657,23,5,0.932,0,227,low,0
0x061150e5574716dbb1a2cdf54b3dce9f94395f65,3,1,0.0019,129.4287,0.2389,0.0792,0.0,0.0,0.3316,0.0,2,3,0.558,0,40,low,0
0x0611afbf50787361164004b2596719e5116b7315,31,7,18.4639,62.4909,18135.0674,11895.0425,9294.3459,10604.673,0.6559,0.7814,7,6,1.0,0,88,low,0
0x06127311a4fb86ffdce6f781d7db183e9c2a3d34,2,1,0.0,109.6157,0.0649,0.005,0.0,0.0,0.0766,0.0,1,2,1.0,0,51,low,0
0x0613036cbb45c3eeaabdea389df101d6022f3684,4,1,0.0012,124.685,12787.5779,5022.5302,5022.5302,12787.5771,0.3928,1.0,1,2,1.0,0,4,low,0
0x0614d8ff2f527455e8fd8b4ed88abf3eab918f76,22,6,70.0711,9.8711,172.2771,105.6824,94.0528,172.1664,0.6134,0.89,3,2,0.0,0,86,low,0
0x0614e07756390441cb246c886917487840e74f7d,8,1,0.0581,8.8181,10.6483,4.1055,0.0,0.0,0.3856,0.0,4,2,0.0,0,631,medium,0
0x0615774010b017e7ec09d228ef37d06564a1d825,8,4,8.5221,76.9885,60247.8467,25023.5931,25094.6811,57515.4928,0.4153,1.0028,2,3,1.0,0,19,low,0
0x06189341e523a52ae10c4bd4a7774371fac1b249,7,1,0.2781,95.161,22.6429,2.3307,0.0,16.0462,0.1029,0.0,1,3,0.0,0,51,low,0
0x0618e615c8c9b5efc8c8eadc68be7182bdc455e2,22,11,31.0659,52.7568,6813.241,1202.218,199.8962,812.6499,0.1765,0.1663,2,7,1.0,0,154,low,0
0x06192f889f17bf2aff238d08d8c26cbcfcc7b45a,183,37,59.5585,79.3947,512362.1729,1040512.0362,760247.3609,836436.4423,2.0308,0.7306,48,7,0.9144,0,38,low,0
